PROV1;North Tip Aduria;North Tip Aduria;North Tip Aduria;;;;;;;;;x
PROV2;Torova Temylatin;Torova Temylatin;Torova Temylatin;;;;;;;;;x
PROV3;Northern Isles;Northern Isles;Northern Isles;;;;;;;;;x
PROV5;Southern Isles;Southern Isles;Southern Isles;;;;;;;;;x
PROV6;Isle of Ghosts;Isle of Ghosts;Isle of Ghosts;;;;;;;;;x
PROV36;Imperial City;Imperial City;Imperial City;;;;;;;;;x
PROV38;Daulton;Daulton;Daulton;;;;;;;;;x
PROV37;Anuire Province;Anuire Province;Anuire Province;;;;;;;;;x
PROV39;Caulnor;Caulnor;Caulnor;;;;;;;;;x
PROV40;Bhrein;Bhrein;Bhrein;;;;;;;;;x
PROV41;Taliern;Taliern;Taliern;;;;;;;;;x
PROV42;Duriene;Duriene;Duriene;;;;;;;;;x
PROV43;Vanilen;Vanilen;Vanilen;;;;;;;;;x
PROV44;Avarien;Avarien;Avarien;;;;;;;;;x
PROV45;Nentril;Nentril;Nentril;;;;;;;;;x
PROV50;Haesrien;Haesrien;Haesrien;;;;;;;;;x
PROV831;Ghonallison;Ghonallison;Ghonallison;;;;;;;;;x
PROV46;Tuor's Hold;Tuor's Hold;Tuor's Hold;;;;;;;;;x
PROV47;Nabhriene;Nabhriene;Nabhriene;;;;;;;;;x
PROV48;Alamsreft;Alamsreft;Alamsreft;;;;;;;;;x
PROV49;Elevesnemiere;Elevesnemiere;Elevesnemiere;;;;;;;;;x
PROV51;Pechalinn;Pechalinn;Pechalinn;;;;;;;;;x
PROV52;Monsedge;Monsedge;Monsedge;;;;;;;;;x
PROV55;Deseirain;Deseirain;Deseirain;;;;;;;;;x
PROV53;Maesford;Maesford;Maesford;;;;;;;;;x
PROV54;Traiward;Traiward;Traiward;;;;;;;;;x
PROV56;Alaroine;Alaroine;Alaroine;;;;;;;;;x
PROV57;Laraeth;Laraeth;Laraeth;;;;;;;;;x
PROV58;Hildon;Hildon;Hildon;;;;;;;;;x
PROV59;Soutmoor;Soutmoor;Soutmoor;;;;;;;;;x
PROV60;Sorelies;Sorelies;Sorelies;;;;;;;;;x
PROV61;Nortmoor;Nortmoor;Nortmoor;;;;;;;;;x
PROV62;Endier;Endier;Endier;;;;;;;;;x
PROV68;Bhaelaene;Bhaelaene;Bhaelaene;;;;;;;;;x
PROV63;Tireste;Tireste;Tireste;;;;;;;;;x
PROV64;Ghiere;Ghiere;Ghiere;;;;;;;;;x
PROV65;Thoralinar;Thoralinar;Thoralinar;;;;;;;;;x
PROV66;Bheline;Bheline;Bheline;;;;;;;;;x
PROV67;Tornilen;Tornilen;Tornilen;;;;;;;;;x
PROV958;Rhumannen;Rhumannen;Rhumannen;;;;;;;;;x
PROV69;Danaroene;Danaroene;Danaroene;;;;;;;;;x
PROV70;Conallier;Conallier;Conallier;;;;;;;;;x
PROV830;Achiese;Achiese;Achiese;;;;;;;;;x
PROV76;Bevaldruor;Bevaldruor;Bevaldruor;;;;;;;;;x
PROV71;Tenarien;Tenarien;Tenarien;;;;;;;;;x
PROV72;Cwlldon;Cwlldon;Cwlldon;;;;;;;;;x
PROV73;Maesilar;Maesilar;Maesilar;;;;;;;;;x
PROV74;Balteruine;Balteruine;Balteruine;;;;;;;;;x
PROV75;Byrnnor;Byrnnor;Byrnnor;;;;;;;;;x
PROV77;Dhalsiel;Dhalsiel;Dhalsiel;;;;;;;;;x
PROV78;Winoene;Winoene;Winoene;;;;;;;;;x
PROV79;Marloer's Gap;Marloer's Gap;Marloer's Gap;;;;;;;;;x
PROV84;Ansien;Ansien;Ansien;;;;;;;;;x
PROV81;Sendouras;Sendouras;Sendouras;;;;;;;;;x
PROV82;Chalsedon;Chalsedon;Chalsedon;;;;;;;;;x
PROV83;Mholien;Mholien;Mholien;;;;;;;;;x
PROV85;Osoeriene;Osoeriene;Osoeriene;;;;;;;;;x
PROV86;Hope's Demise;Hope's Demise;Hope's Demise;;;;;;;;;x
PROV913;Soilete;Soilete;Soilete;;;;;;;;;x
PROV22;Seasedge;Seasedge;Seasedge;;;;;;;;;x
PROV20;Bacaele;Bacaele;Bacaele;;;;;;;;;x
PROV21;Redoubt;Redoubt;Redoubt;;;;;;;;;x
PROV23;Calant;Calant;Calant;;;;;;;;;x
PROV24;Nietier;Nietier;Nietier;;;;;;;;;x
PROV25;Tariene;Tariene;Tariene;;;;;;;;;x
PROV26;Fhoruile;Fhoruile;Fhoruile;;;;;;;;;x
PROV27;Rivien;Rivien;Rivien;;;;;;;;;x
PROV28;Dhalaese;Dhalaese;Dhalaese;;;;;;;;;x
PROV13;Seasdeep;Seasdeep;Seasdeep;;;;;;;;;x
PROV12;Islien;Islien;Islien;;;;;;;;;x
PROV968;Seaside;Seaside;Seaside;;;;;;;;;x
PROV14;Bhaine;Bhaine;Bhaine;;;;;;;;;x
PROV15;Brosien;Brosien;Brosien;;;;;;;;;x
PROV16;Seamist;Seamist;Seamist;;;;;;;;;x
PROV17;Bayside;Bayside;Bayside;;;;;;;;;x
PROV18;Portage;Portage;Portage;;;;;;;;;x
PROV19;Wilder's Gorge;Wilder's Gorge;Wilder's Gorge;;;;;;;;;x
PROV10;Bindier;Bindier;Bindier;;;;;;;;;x
PROV9;Coere;Coere;Coere;;;;;;;;;x
PROV7;Stormwatch Isle;Stormwatch Isle;Stormwatch Isle;;;;;;;;;x
PROV11;Marilen;Marilen;Marilen;;;;;;;;;x
PROV29;Rhuobhe;Rhuobhe;Rhuobhe;;;;;;;;;x
PROV33;Ice Haven;Ice Haven;Ice Haven;;;;;;;;;x
PROV30;Seaport;Seaport;Seaport;;;;;;;;;x
PROV31;Greensward;Greensward;Greensward;;;;;;;;;x
PROV32;Lindholme;Lindholme;Lindholme;;;;;;;;;x
PROV34;Winter's Deep;Winter's Deep;Winter's Deep;;;;;;;;;x
PROV35;Freestead;Freestead;Freestead;;;;;;;;;x
PROV8;Serimset;Serimset;Serimset;;;;;;;;;x
PROV967;Colonsay;Colonsay;Colonsay;;;;;;;;;x
PROV89;Aerele;Aerele;Aerele;;;;;;;;;x
PROV87;Bliene;Bliene;Bliene;;;;;;;;;x
PROV88;Ciliene;Ciliene;Ciliene;;;;;;;;;x
PROV90;Duene;Duene;Duene;;;;;;;;;x
PROV91;Tier;Tier;Tier;;;;;;;;;x
PROV92;Moere;Moere;Moere;;;;;;;;;x
PROV94;Braeme;Braeme;Braeme;;;;;;;;;x
PROV93;Alamier;Alamier;Alamier;;;;;;;;;x
PROV95;Caerwil;Caerwil;Caerwil;;;;;;;;;x
PROV96;Ilien;Ilien;Ilien;;;;;;;;;x
PROV4;Tamle;Tamle;Tamle;;;;;;;;;x
PROV99;Caercas;Caercas;Caercas;;;;;;;;;x
PROV97;Abbatuor;Abbatuor;Abbatuor;;;;;;;;;x
PROV98;Duerlin;Duerlin;Duerlin;;;;;;;;;x
PROV100;Edlin;Edlin;Edlin;;;;;;;;;x
PROV101;Ghoried;Ghoried;Ghoried;;;;;;;;;x
PROV102;Fairfield;Fairfield;Fairfield;;;;;;;;;x
PROV103;Bellam;Bellam;Bellam;;;;;;;;;x
PROV110;Calrie;Calrie;Calrie;;;;;;;;;x
PROV104;Westmarch;Westmarch;Westmarch;;;;;;;;;x
PROV105;Shadowgreen;Shadowgreen;Shadowgreen;;;;;;;;;x
PROV106;Banien's Deep;Banien's Deep;Banien's Deep;;;;;;;;;x
PROV107;Northvale;Northvale;Northvale;;;;;;;;;x
PROV108;Halried;Halried;Halried;;;;;;;;;x
PROV109;Dhoenel;Dhoenel;Dhoenel;;;;;;;;;x
PROV111;Spiderfell;Spiderfell;Spiderfell;;;;;;;;;x
PROV955;West Caelcorwynn;West Caelcorwynn;West Caelcorwynn;;;;;;;;;x
PROV956;East Caelcorwynn;East Caelcorwynn;East Caelcorwynn;;;;;;;;;x
PROV957;Little Caelcorwynn;Little Caelcorwynn;Little Caelcorwynn;;;;;;;;;x
PROV119;Moriel;Moriel;Moriel;;;;;;;;;x
PROV112;Algael;Algael;Algael;;;;;;;;;x
PROV113;Brothendar;Brothendar;Brothendar;;;;;;;;;x
PROV114;Ghalliere;Ghalliere;Ghalliere;;;;;;;;;x
PROV115;Moergen;Moergen;Moergen;;;;;;;;;x
PROV116;Sunken Lands;Sunken Lands;Sunken Lands;;;;;;;;;x
PROV117;Gulfport;Gulfport;Gulfport;;;;;;;;;x
PROV118;Spiritsend;Spiritsend;Spiritsend;;;;;;;;;x
PROV120;Ruorven;Ruorven;Ruorven;;;;;;;;;x
PROV121;Mistil;Mistil;Mistil;;;;;;;;;x
PROV122;Bogsend;Bogsend;Bogsend;;;;;;;;;x
PROV123;Ranien;Ranien;Ranien;;;;;;;;;x
PROV124;Caudraight;Caudraight;Caudraight;;;;;;;;;x
PROV125;Deepshadow;Deepshadow;Deepshadow;;;;;;;;;x
PROV126;Duornil;Duornil;Duornil;;;;;;;;;x
PROV134;Lyssan;Lyssan;Lyssan;;;;;;;;;x
PROV132;Careine;Careine;Careine;;;;;;;;;x
PROV133;Ruorkhe;Ruorkhe;Ruorkhe;;;;;;;;;x
PROV135;Barniere;Barniere;Barniere;;;;;;;;;x
PROV136;Salviene;Salviene;Salviene;;;;;;;;;x
PROV137;Hamein;Hamein;Hamein;;;;;;;;;x
PROV138;Mhowe;Mhowe;Mhowe;;;;;;;;;x
PROV131;Rivenrock;Rivenrock;Rivenrock;;;;;;;;;x
PROV127;Cliff's Lament;Cliff's Lament;Cliff's Lament;;;;;;;;;x
PROV128;the Promontory;the Promontory;the Promontory;;;;;;;;;x
PROV129;Land's Victory;Land's Victory;Land's Victory;;;;;;;;;x
PROV130;Bran's Retreat;Bran's Retreat;Bran's Retreat;;;;;;;;;x
PROV142;Fhylallien;Fhylallien;Fhylallien;;;;;;;;;x
PROV143;Iseare;Iseare;Iseare;;;;;;;;;x
PROV146;Tuar Llyrien;Tuar Llyrien;Tuar Llyrien;;;;;;;;;x
PROV147;Cu Haellyrd;Cu Haellyrd;Cu Haellyrd;;;;;;;;;x
PROV139;Hoehnain;Hoehnain;Hoehnain;;;;;;;;;x
PROV140;Ywrndor;Ywrndor;Ywrndor;;;;;;;;;x
PROV141;Llewhoellen;Llewhoellen;Llewhoellen;;;;;;;;;x
PROV144;Annydwr;Annydwr;Annydwr;;;;;;;;;x
PROV145;Ghyllwn;Ghyllwn;Ghyllwn;;;;;;;;;x
PROV153;Shattered Hills;Shattered Hills;Shattered Hills;;;;;;;;;x
PROV148;Sutren Hills;Sutren Hills;Sutren Hills;;;;;;;;;x
PROV149;Periltrees;Periltrees;Periltrees;;;;;;;;;x
PROV150;Brushfire;Brushfire;Brushfire;;;;;;;;;x
PROV151;Riverspring;Riverspring;Riverspring;;;;;;;;;x
PROV154;Elfsdemise;Elfsdemise;Elfsdemise;;;;;;;;;x
PROV155;Dwarf's Hold;Dwarf's Hold;Dwarf's Hold;;;;;;;;;x
PROV157;Crushing Rock;Crushing Rock;Crushing Rock;;;;;;;;;x
PROV156;Fallen Rock;Fallen Rock;Fallen Rock;;;;;;;;;x
PROV160;Cwmbheir;Cwmbheir;Cwmbheir;;;;;;;;;x
PROV158;Bhindraith;Bhindraith;Bhindraith;;;;;;;;;x
PROV164;Llyrandor;Llyrandor;Llyrandor;;;;;;;;;x
PROV166;Sideath;Sideath;Sideath;;;;;;;;;x
PROV161;Braethindyr;Braethindyr;Braethindyr;;;;;;;;;x
PROV159;Avallaight;Avallaight;Avallaight;;;;;;;;;x
PROV162;Dhoneaghmiere;Dhoneaghmiere;Dhoneaghmiere;;;;;;;;;x
PROV163;Cymryr;Cymryr;Cymryr;;;;;;;;;x
PROV173;Kal Saitharak;Kal Saitharak;Kal Saitharak;;;;;;;;;x
PROV167;Plumbago;Plumbago;Plumbago;;;;;;;;;x
PROV168;Orog's Head;Orog's Head;Orog's Head;;;;;;;;;x
PROV174;Sage's Fen;Sage's Fen;Sage's Fen;;;;;;;;;x
PROV171;Jogh Warren;Jogh Warren;Jogh Warren;;;;;;;;;x
PROV165;Stone's End;Stone's End;Stone's End;;;;;;;;;x
PROV900;Pelt;Pelt;Pelt;;;;;;;;;x
PROV169;Abattoir;Abattoir;Abattoir;;;;;;;;;x
PROV170;Motile;Motile;Motile;;;;;;;;;x
PROV176;Mettle;Mettle;Mettle;;;;;;;;;x
PROV172;Sere's Hold;Sere's Hold;Sere's Hold;;;;;;;;;x
PROV175;Elfseyes;Elfseyes;Elfseyes;;;;;;;;;x
PROV178;Zaptig;Zaptig;Zaptig;;;;;;;;;x
PROV177;Anathar;Anathar;Anathar;;;;;;;;;x
PROV179;Mutian's Point;Mutian's Point;Mutian's Point;;;;;;;;;x
PROV180;Sunder Falls;Sunder Falls;Sunder Falls;;;;;;;;;x
PROV182;Riverford;Riverford;Riverford;;;;;;;;;x
PROV181;Mhellievine;Mhellievine;Mhellievine;;;;;;;;;x
PROV183;Mountainsedge;Mountainsedge;Mountainsedge;;;;;;;;;x
PROV152;Darkwood;Darkwood;Darkwood;;;;;;;;;x
PROV80;Torien's Watch;Torien's Watch;Torien's Watch;;;;;;;;;x
PROV184;Puinol;Puinol;Puinol;;;;;;;;;x
PROV185;Floodpaeth;Floodpaeth;Floodpaeth;;;;;;;;;x
PROV186;Torain;Torain;Torain;;;;;;;;;x
PROV187;Sufhanie;Sufhanie;Sufhanie;;;;;;;;;x
PROV188;The Gorge;The Gorge;The Gorge;;;;;;;;;x
PROV189;Helmshaven;Helmshaven;Helmshaven;;;;;;;;;x
PROV190;Thasbyrn;Thasbyrn;Thasbyrn;;;;;;;;;x
PROV191;Mergarotte;Mergarotte;Mergarotte;;;;;;;;;x
PROV192;Doom's Peak;Doom's Peak;Doom's Peak;;;;;;;;;x
PROV193;Bloodbay;Bloodbay;Bloodbay;;;;;;;;;x
PROV194;Falling Timber;Falling Timber;Falling Timber;;;;;;;;;x
PROV195;Storm's Release;Storm's Release;Storm's Release;;;;;;;;;x
PROV196;Crushing Hills;Crushing Hills;Crushing Hills;;;;;;;;;x
PROV204;Sonnelind;Sonnelind;Sonnelind;;;;;;;;;x
PROV965;Soniele;Soniele;Soniele;;;;;;;;;x
PROV197;Bjondrig;Bjondrig;Bjondrig;;;;;;;;;x
PROV198;Nolien;Nolien;Nolien;;;;;;;;;x
PROV199;Riverside;Riverside;Riverside;;;;;;;;;x
PROV200;Romiene;Romiene;Romiene;;;;;;;;;x
PROV201;Hidaele;Hidaele;Hidaele;;;;;;;;;x
PROV202;Dharilein;Dharilein;Dharilein;;;;;;;;;x
PROV203;Giant's Fastness;Giant's Fastness;Giant's Fastness;;;;;;;;;x
PROV205;Tradebhein;Tradebhein;Tradebhein;;;;;;;;;x
PROV206;Ruidewash;Ruidewash;Ruidewash;;;;;;;;;x
PROV207;Sidhuire;Sidhuire;Sidhuire;;;;;;;;;x
PROV943;Seaward;Seaward;Seaward;;;;;;;;;x
PROV944;Brenlie;Brenlie;Brenlie;;;;;;;;;x
PROV945;Ghaele;Ghaele;Ghaele;;;;;;;;;x
PROV946;Mielien;Mielien;Mielien;;;;;;;;;x
PROV947;Serien;Serien;Serien;;;;;;;;;x
PROV948;Dhalier;Dhalier;Dhalier;;;;;;;;;x
PROV949;Crenier;Crenier;Crenier;;;;;;;;;x
PROV950;Lathier;Lathier;Lathier;;;;;;;;;x
PROV951;Albiele;Albiele;Albiele;;;;;;;;;x
PROV952;Klaus' Cove;Klaus' Cove;Klaus' Cove;;;;;;;;;x
PROV953;Ed's Beard;Ed's Beard;Ed's Beard;;;;;;;;;x
PROV954;Baerghos;Baerghos;Baerghos;;;;;;;;;x
PROV208;Ustkjuvil;Ustkjuvil;Ustkjuvil;;;;;;;;;x
PROV209;Hollenvik;Hollenvik;Hollenvik;;;;;;;;;x
PROV210;Namverg;Namverg;Namverg;;;;;;;;;x
PROV211;Saerskaap;Saerskaap;Saerskaap;;;;;;;;;x
PROV212;Arvaald;Arvaald;Arvaald;;;;;;;;;x
PROV213;Hjorvaal;Hjorvaal;Hjorvaal;;;;;;;;;x
PROV214;Lofkirdik;Lofkirdik;Lofkirdik;;;;;;;;;x
PROV215;Udvika;Udvika;Udvika;;;;;;;;;x
PROV221;Nalhorske;Nalhorske;Nalhorske;;;;;;;;;x
PROV216;Yvarre;Yvarre;Yvarre;;;;;;;;;x
PROV217;Svarkannek;Svarkannek;Svarkannek;;;;;;;;;x
PROV218;Dankmaar;Dankmaar;Dankmaar;;;;;;;;;x
PROV219;Hoeskal;Hoeskal;Hoeskal;;;;;;;;;x
PROV220;Hjarrsmark;Hjarrsmark;Hjarrsmark;;;;;;;;;x
PROV222;Sjarkhoelle;Sjarkhoelle;Sjarkhoelle;;;;;;;;;x
PROV224;Leivika;Leivika;Leivika;;;;;;;;;x
PROV223;Bjarnheim;Bjarnheim;Bjarnheim;;;;;;;;;x
PROV225;Hvarliik;Hvarliik;Hvarliik;;;;;;;;;x
PROV226;Darsruud;Darsruud;Darsruud;;;;;;;;;x
PROV227;Haekholfn;Haekholfn;Haekholfn;;;;;;;;;x
PROV228;Bergvaas;Bergvaas;Bergvaas;;;;;;;;;x
PROV229;Innsmark;Innsmark;Innsmark;;;;;;;;;x
PROV236;Skapa Hjaering;Skapa Hjaering;Skapa Hjaering;;;;;;;;;x
PROV230;Dalmrshuud;Dalmrshuud;Dalmrshuud;;;;;;;;;x
PROV231;Drasvik;Drasvik;Drasvik;;;;;;;;;x
PROV232;Aandjvor;Aandjvor;Aandjvor;;;;;;;;;x
PROV233;Stjolvar;Stjolvar;Stjolvar;;;;;;;;;x
PROV234;Taelrhud;Taelrhud;Taelrhud;;;;;;;;;x
PROV235;Selkhauske;Selkhauske;Selkhauske;;;;;;;;;x
PROV237;Helkstraad;Helkstraad;Helkstraad;;;;;;;;;x
PROV239;Newtonor;Newtonor;Newtonor;;;;;;;;;x
PROV238;Callanlars;Callanlars;Callanlars;;;;;;;;;x
PROV240;Port Helen;Port Helen;Port Helen;;;;;;;;;x
PROV241;Gigha;Gigha;Gigha;;;;;;;;;x
PROV242;Dantier Island;Dantier Island;Dantier Island;;;;;;;;;x
PROV245;Harlskaang;Harlskaang;Harlskaang;;;;;;;;;x
PROV243;Froylaad;Froylaad;Froylaad;;;;;;;;;x
PROV244;Stangajord;Stangajord;Stangajord;;;;;;;;;x
PROV246;Jekkajoen;Jekkajoen;Jekkajoen;;;;;;;;;x
PROV247;Jurva;Jurva;Jurva;;;;;;;;;x
PROV248;Aaldnjor;Aaldnjor;Aaldnjor;;;;;;;;;x
PROV249;Aaldvaar;Aaldvaar;Aaldvaar;;;;;;;;;x
PROV250;Rjutaffel;Rjutaffel;Rjutaffel;;;;;;;;;x
PROV251;Draaska;Draaska;Draaska;;;;;;;;;x
PROV262;Gundviir;Gundviir;Gundviir;;;;;;;;;x
PROV261;Fjoltyr;Fjoltyr;Fjoltyr;;;;;;;;;x
PROV263;Bjarkheim;Bjarkheim;Bjarkheim;;;;;;;;;x
PROV912;Valkheim;Valkheim;Valkheim;;;;;;;;;x
PROV259;Djaalfund;Djaalfund;Djaalfund;;;;;;;;;x
PROV260;Hjolgrun;Hjolgrun;Hjolgrun;;;;;;;;;x
PROV252;Aldrud;Aldrud;Aldrud;;;;;;;;;x
PROV253;Njorldar;Njorldar;Njorldar;;;;;;;;;x
PROV254;Oelfrun;Oelfrun;Oelfrun;;;;;;;;;x
PROV255;Sehaka;Sehaka;Sehaka;;;;;;;;;x
PROV256;Horvliik;Horvliik;Horvliik;;;;;;;;;x
PROV257;Jarnborg;Jarnborg;Jarnborg;;;;;;;;;x
PROV258;Sjaruud;Sjaruud;Sjaruud;;;;;;;;;x
PROV264;Kandalask;Kandalask;Kandalask;;;;;;;;;x
PROV271;Solung Bank;Solung Bank;Solung Bank;;;;;;;;;x
PROV272;Rovan;Rovan;Rovan;;;;;;;;;x
PROV274;Mandal;Mandal;Mandal;;;;;;;;;x
PROV275;Vejle;Vejle;Vejle;;;;;;;;;x
PROV276;Innherad;Innherad;Innherad;;;;;;;;;x
PROV277;Halten;Halten;Halten;;;;;;;;;x
PROV278;Bjornoya;Bjornoya;Bjornoya;;;;;;;;;x
PROV273;Oulu;Oulu;Oulu;;;;;;;;;x
PROV269;Boden;Boden;Boden;;;;;;;;;x
PROV265;Soroya;Soroya;Soroya;;;;;;;;;x
PROV266;Nordcapp;Nordcapp;Nordcapp;;;;;;;;;x
PROV267;Folda Fjord;Folda Fjord;Folda Fjord;;;;;;;;;x
PROV268;Torne;Torne;Torne;;;;;;;;;x
PROV270;Pitea;Pitea;Pitea;;;;;;;;;x
PROV280;Zakkhur;Zakkhur;Zakkhur;;;;;;;;;x
PROV279;Hrukk;Hrukk;Hrukk;;;;;;;;;x
PROV281;Valkith;Valkith;Valkith;;;;;;;;;x
PROV282;Vrallik;Vrallik;Vrallik;;;;;;;;;x
PROV283;Thurzimm;Thurzimm;Thurzimm;;;;;;;;;x
PROV284;Shir'kh'an;Shir'kh'an;Shir'kh'an;;;;;;;;;x
PROV285;Angarr;Angarr;Angarr;;;;;;;;;x
PROV286;Chur;Chur;Chur;;;;;;;;;x
PROV287;Sh'kkra;Sh'kkra;Sh'kkra;;;;;;;;;x
PROV306;Rhoisneibhal;Rhoisneibhal;Rhoisneibhal;;;;;;;;;x
PROV300;Challra;Challra;Challra;;;;;;;;;x
PROV301;Cwnddrrd;Cwnddrrd;Cwnddrrd;;;;;;;;;x
PROV302;Druinedd;Druinedd;Druinedd;;;;;;;;;x
PROV304;Monellrha;Monellrha;Monellrha;;;;;;;;;x
PROV309;Caer Dwyth;Caer Dwyth;Caer Dwyth;;;;;;;;;x
PROV307;Bannoch;Bannoch;Bannoch;;;;;;;;;x
PROV308;Gwyddral;Gwyddral;Gwyddral;;;;;;;;;x
PROV829;Thalbrough;Thalbrough;Thalbrough;;;;;;;;;x
PROV303;Llwaiss;Llwaiss;Llwaiss;;;;;;;;;x
PROV305;Adothewr;Adothewr;Adothewr;;;;;;;;;x
PROV293;Midjarna;Midjarna;Midjarna;;;;;;;;;x
PROV292;Bjorlangen;Bjorlangen;Bjorlangen;;;;;;;;;x
PROV295;Skansoeren;Skansoeren;Skansoeren;;;;;;;;;x
PROV291;Trondelaag;Trondelaag;Trondelaag;;;;;;;;;x
PROV290;Lemnjohen;Lemnjohen;Lemnjohen;;;;;;;;;x
PROV288;Barrow Woods;Barrow Woods;Barrow Woods;;;;;;;;;x
PROV289;Silverheart;Silverheart;Silverheart;;;;;;;;;x
PROV298;Vjelthelma;Vjelthelma;Vjelthelma;;;;;;;;;x
PROV297;Boganhaar;Boganhaar;Boganhaar;;;;;;;;;x
PROV294;Haldallen;Haldallen;Haldallen;;;;;;;;;x
PROV296;Caer Cwnnar;Caer Cwnnar;Caer Cwnnar;;;;;;;;;x
PROV299;Rhuiddar;Rhuiddar;Rhuiddar;;;;;;;;;x
PROV316;Draga-Zai;Draga-Zai;Draga-Zai;;;;;;;;;x
PROV317;Hovrimm;Hovrimm;Hovrimm;;;;;;;;;x
PROV318;Vulzin;Vulzin;Vulzin;;;;;;;;;x
PROV319;Urik-Na;Urik-Na;Urik-Na;;;;;;;;;x
PROV320;Zaruul;Zaruul;Zaruul;;;;;;;;;x
PROV321;Kazal-Zai;Kazal-Zai;Kazal-Zai;;;;;;;;;x
PROV322;Raka-Zai;Raka-Zai;Raka-Zai;;;;;;;;;x
PROV310;Idzar;Idzar;Idzar;;;;;;;;;x
PROV311;Khul-Na;Khul-Na;Khul-Na;;;;;;;;;x
PROV312;Urtha;Urtha;Urtha;;;;;;;;;x
PROV313;Zeph-Na;Zeph-Na;Zeph-Na;;;;;;;;;x
PROV314;Hor-than;Hor-than;Hor-than;;;;;;;;;x
PROV315;Nulthan;Nulthan;Nulthan;;;;;;;;;x
PROV325;Khurin-Azur;Khurin-Azur;Khurin-Azur;;;;;;;;;x
PROV323;Azagkhul;Azagkhul;Azagkhul;;;;;;;;;x
PROV324;Voldar;Voldar;Voldar;;;;;;;;;x
PROV905;Kopingdal;Kopingdal;Kopingdal;;;;;;;;;x
PROV326;Hruthjik;Hruthjik;Hruthjik;;;;;;;;;x
PROV327;Tarlhaas;Tarlhaas;Tarlhaas;;;;;;;;;x
PROV328;Belik;Belik;Belik;;;;;;;;;x
PROV329;Djurik;Djurik;Djurik;;;;;;;;;x
PROV904;Svinoy Island;Svinoy Island;Svinoy Island;;;;;;;;;x
PROV330;Freikstaad;Freikstaad;Freikstaad;;;;;;;;;x
PROV331;Junfjor;Junfjor;Junfjor;;;;;;;;;x
PROV332;Vaaltrand;Vaaltrand;Vaaltrand;;;;;;;;;x
PROV334;Kvigmarheim;Kvigmarheim;Kvigmarheim;;;;;;;;;x
PROV333;Jharlvild;Jharlvild;Jharlvild;;;;;;;;;x
PROV335;Virskaab;Virskaab;Virskaab;;;;;;;;;x
PROV336;Sjalikfjord;Sjalikfjord;Sjalikfjord;;;;;;;;;x
PROV337;Dhovjiir;Dhovjiir;Dhovjiir;;;;;;;;;x
PROV406;Wesbrahlen;Wesbrahlen;Wesbrahlen;;;;;;;;;x
PROV401;Allesrecht;Allesrecht;Allesrecht;;;;;;;;;x
PROV402;Cohrtab;Cohrtab;Cohrtab;;;;;;;;;x
PROV403;Golbrag;Golbrag;Golbrag;;;;;;;;;x
PROV404;Hauptrehr;Hauptrehr;Hauptrehr;;;;;;;;;x
PROV405;Kostwode;Kostwode;Kostwode;;;;;;;;;x
PROV409;Marchbehr;Marchbehr;Marchbehr;;;;;;;;;x
PROV411;Ruelshegh;Ruelshegh;Ruelshegh;;;;;;;;;x
PROV407;Trestahlen;Trestahlen;Trestahlen;;;;;;;;;x
PROV408;Nodarch;Nodarch;Nodarch;;;;;;;;;x
PROV410;Ubalmulen;Ubalmulen;Ubalmulen;;;;;;;;;x
PROV906;Ichthasen;Ichthasen;Ichthasen;;;;;;;;;x
PROV396;Treumar;Treumar;Treumar;;;;;;;;;x
PROV397;Treustap;Treustap;Treustap;;;;;;;;;x
PROV398;Musbrahlen;Musbrahlen;Musbrahlen;;;;;;;;;x
PROV399;Muellan;Muellan;Muellan;;;;;;;;;x
PROV400;Deusai;Deusai;Deusai;;;;;;;;;x
PROV341;Blackruft;Blackruft;Blackruft;;;;;;;;;x
PROV342;Wiergau;Wiergau;Wiergau;;;;;;;;;x
PROV343;Caebstrech;Caebstrech;Caebstrech;;;;;;;;;x
PROV344;Everschruden;Everschruden;Everschruden;;;;;;;;;x
PROV345;Höklep;Höklep;Höklep;;;;;;;;;x
PROV339;Starkhundt;Starkhundt;Starkhundt;;;;;;;;;x
PROV338;Talhundt;Talhundt;Talhundt;;;;;;;;;x
PROV340;Kantswach;Kantswach;Kantswach;;;;;;;;;x
PROV347;Ulbrun;Ulbrun;Ulbrun;;;;;;;;;x
PROV346;Wasser's Reach;Wasser's Reach;Wasser's Reach;;;;;;;;;x
PROV348;Two Giants Tread;Two Giants Tread;Two Giants Tread;;;;;;;;;x
PROV349;Adler;Adler;Adler;;;;;;;;;x
PROV356;Daurengate;Daurengate;Daurengate;;;;;;;;;x
PROV354;Faestadt;Faestadt;Faestadt;;;;;;;;;x
PROV355;Cornelius' Landing;Cornelius' Landing;Cornelius' Landing;;;;;;;;;x
PROV902;Bugbear's Pass;Bugbear's Pass;Bugbear's Pass;;;;;;;;;x
PROV903;Krakenstaur;Krakenstaur;Krakenstaur;;;;;;;;;x
PROV353;Garten Pass;Garten Pass;Garten Pass;;;;;;;;;x
PROV350;Zilber;Zilber;Zilber;;;;;;;;;x
PROV351;Hoarladt;Hoarladt;Hoarladt;;;;;;;;;x
PROV352;Gorgon's Claw;Gorgon's Claw;Gorgon's Claw;;;;;;;;;x
PROV360;Daubreisch;Daubreisch;Daubreisch;;;;;;;;;x
PROV364;Lausrüf;Lausrüf;Lausrüf;;;;;;;;;x
PROV366;Couillibaird;Couillibaird;Couillibaird;;;;;;;;;x
PROV361;Meklsburg;Meklsburg;Meklsburg;;;;;;;;;x
PROV362;Torinaur;Torinaur;Torinaur;;;;;;;;;x
PROV365;Auchsward;Auchsward;Auchsward;;;;;;;;;x
PROV357;Esmersdan;Esmersdan;Esmersdan;;;;;;;;;x
PROV358;Faulfell;Faulfell;Faulfell;;;;;;;;;x
PROV359;Gaurgonsbaet;Gaurgonsbaet;Gaurgonsbaet;;;;;;;;;x
PROV363;Kierholme;Kierholme;Kierholme;;;;;;;;;x
PROV372;Leipzur;Leipzur;Leipzur;;;;;;;;;x
PROV370;Ebbingtruch;Ebbingtruch;Ebbingtruch;;;;;;;;;x
PROV373;Duringhuhl;Duringhuhl;Duringhuhl;;;;;;;;;x
PROV374;Auchlaken;Auchlaken;Auchlaken;;;;;;;;;x
PROV371;Narzür;Narzür;Narzür;;;;;;;;;x
PROV367;Thuringode;Thuringode;Thuringode;;;;;;;;;x
PROV368;Surtafel;Surtafel;Surtafel;;;;;;;;;x
PROV369;Massenhode;Massenhode;Massenhode;;;;;;;;;x
PROV382;Rohrgaard;Rohrgaard;Rohrgaard;;;;;;;;;x
PROV378;Osternord;Osternord;Osternord;;;;;;;;;x
PROV379;Werthangen;Werthangen;Werthangen;;;;;;;;;x
PROV380;Edel;Edel;Edel;;;;;;;;;x
PROV384;Nunkappel;Nunkappel;Nunkappel;;;;;;;;;x
PROV381;Boerenbach;Boerenbach;Boerenbach;;;;;;;;;x
PROV383;Friedlund;Friedlund;Friedlund;;;;;;;;;x
PROV385;Alklund;Alklund;Alklund;;;;;;;;;x
PROV375;Bloodshroud;Bloodshroud;Bloodshroud;;;;;;;;;x
PROV376;Landsborough;Landsborough;Landsborough;;;;;;;;;x
PROV377;Ruapacht;Ruapacht;Ruapacht;;;;;;;;;x
PROV415;Podenstahl;Podenstahl;Podenstahl;;;;;;;;;x
PROV418;Coulbaraigh;Coulbaraigh;Coulbaraigh;;;;;;;;;x
PROV413;Eolrab;Eolrab;Eolrab;;;;;;;;;x
PROV424;Dezeel;Dezeel;Dezeel;;;;;;;;;x
PROV414;Beuraben;Beuraben;Beuraben;;;;;;;;;x
PROV422;Zedforst;Zedforst;Zedforst;;;;;;;;;x
PROV416;Unbrau;Unbrau;Unbrau;;;;;;;;;x
PROV417;Nochlauch;Nochlauch;Nochlauch;;;;;;;;;x
PROV419;Uptlund;Uptlund;Uptlund;;;;;;;;;x
PROV420;Wahlrud;Wahlrud;Wahlrud;;;;;;;;;x
PROV426;Endlun;Endlun;Endlun;;;;;;;;;x
PROV425;Deuchlach;Deuchlach;Deuchlach;;;;;;;;;x
PROV423;Wiestod;Wiestod;Wiestod;;;;;;;;;x
PROV421;Wohlers;Wohlers;Wohlers;;;;;;;;;x
PROV412;Pashacht;Pashacht;Pashacht;;;;;;;;;x
PROV436;Holstadt;Holstadt;Holstadt;;;;;;;;;x
PROV435;Elfhaben;Elfhaben;Elfhaben;;;;;;;;;x
PROV437;Ilfressen;Ilfressen;Ilfressen;;;;;;;;;x
PROV438;Karljappen;Karljappen;Karljappen;;;;;;;;;x
PROV440;Ulfsted;Ulfsted;Ulfsted;;;;;;;;;x
PROV439;Tiess;Tiess;Tiess;;;;;;;;;x
PROV441;Molabrech;Molabrech;Molabrech;;;;;;;;;x
PROV434;Cluhagen;Cluhagen;Cluhagen;;;;;;;;;x
PROV432;Bierlev;Bierlev;Bierlev;;;;;;;;;x
PROV433;Sevlakol;Sevlakol;Sevlakol;;;;;;;;;x
PROV442;Rzhlevskyy;Rzhlevskyy;Rzhlevskyy;;;;;;;;;x
PROV443;Feyulfsky;Feyulfsky;Feyulfsky;;;;;;;;;x
PROV444;Molevof;Molevof;Molevof;;;;;;;;;x
PROV445;Steppegrad;Steppegrad;Steppegrad;;;;;;;;;x
PROV898;Edarlaskyy;Edarlaskyy;Edarlaskyy;;;;;;;;;x
PROV446;Evuarr;Evuarr;Evuarr;;;;;;;;;x
PROV447;Duarlavka;Duarlavka;Duarlavka;;;;;;;;;x
PROV448;Lazzgrad;Lazzgrad;Lazzgrad;;;;;;;;;x
PROV449;Nyurskyy;Nyurskyy;Nyurskyy;;;;;;;;;x
PROV450;Nyurehv;Nyurehv;Nyurehv;;;;;;;;;x
PROV455;Gredaur;Gredaur;Gredaur;;;;;;;;;x
PROV453;Dubeswald;Dubeswald;Dubeswald;;;;;;;;;x
PROV454;Eiresmachen;Eiresmachen;Eiresmachen;;;;;;;;;x
PROV456;Haldwaren;Haldwaren;Haldwaren;;;;;;;;;x
PROV459;Rulsfeg;Rulsfeg;Rulsfeg;;;;;;;;;x
PROV457;Jardwessen;Jardwessen;Jardwessen;;;;;;;;;x
PROV458;Mjollinar;Mjollinar;Mjollinar;;;;;;;;;x
PROV460;Sleppsig;Sleppsig;Sleppsig;;;;;;;;;x
PROV462;Westriet;Westriet;Westriet;;;;;;;;;x
PROV461;Tyrtep;Tyrtep;Tyrtep;;;;;;;;;x
PROV463;Woettap;Woettap;Woettap;;;;;;;;;x
PROV827;Zhylenkal;Zhylenkal;Zhylenkal;;;;;;;;;x
PROV497;Zweilund;Zweilund;Zweilund;;;;;;;;;x
PROV496;Warzlau;Warzlau;Warzlau;;;;;;;;;x
PROV498;Uelzau;Uelzau;Uelzau;;;;;;;;;x
PROV499;Anzlau;Anzlau;Anzlau;;;;;;;;;x
PROV474;Toothmark;Toothmark;Toothmark;;;;;;;;;x
PROV473;Westwatch;Westwatch;Westwatch;;;;;;;;;x
PROV475;Yulesprecht;Yulesprecht;Yulesprecht;;;;;;;;;x
PROV472;Roaren;Roaren;Roaren;;;;;;;;;x
PROV470;Darres' End;Darres' End;Darres' End;;;;;;;;;x
PROV476;Burning Forest;Burning Forest;Burning Forest;;;;;;;;;x
PROV471;Drachenjaw;Drachenjaw;Drachenjaw;;;;;;;;;x
PROV468;Cooling Bay;Cooling Bay;Cooling Bay;;;;;;;;;x
PROV469;Kauth;Kauth;Kauth;;;;;;;;;x
PROV480;Drachenwehr;Drachenwehr;Drachenwehr;;;;;;;;;x
PROV481;Dreidachs;Dreidachs;Dreidachs;;;;;;;;;x
PROV482;Colrochteb;Colrochteb;Colrochteb;;;;;;;;;x
PROV483;Colroch;Colroch;Colroch;;;;;;;;;x
PROV899;Zwesserlund;Zwesserlund;Zwesserlund;;;;;;;;;x
PROV479;Drauch;Drauch;Drauch;;;;;;;;;x
PROV477;Froschschloss;Froschschloss;Froschschloss;;;;;;;;;x
PROV478;Euchen;Euchen;Euchen;;;;;;;;;x
PROV484;Buchen;Buchen;Buchen;;;;;;;;;x
PROV485;Jarstoldt;Jarstoldt;Jarstoldt;;;;;;;;;x
PROV486;Kearn;Kearn;Kearn;;;;;;;;;x
PROV489;Loch Shel;Loch Shel;Loch Shel;;;;;;;;;x
PROV488;Morbuch;Morbuch;Morbuch;;;;;;;;;x
PROV491;Zürtrode;Zürtrode;Zürtrode;;;;;;;;;x
PROV493;Ostwode;Ostwode;Ostwode;;;;;;;;;x
PROV487;Auslauf;Auslauf;Auslauf;;;;;;;;;x
PROV490;Arochlep;Arochlep;Arochlep;;;;;;;;;x
PROV492;Hlossroch;Hlossroch;Hlossroch;;;;;;;;;x
PROV494;Woderoch;Woderoch;Woderoch;;;;;;;;;x
PROV495;Innsroch;Innsroch;Innsroch;;;;;;;;;x
PROV386;Wyndil;Wyndil;Wyndil;;;;;;;;;x
PROV387;Llandrae;Llandrae;Llandrae;;;;;;;;;x
PROV388;Angbryn;Angbryn;Angbryn;;;;;;;;;x
PROV389;Newyth;Newyth;Newyth;;;;;;;;;x
PROV390;Mythelwyd;Mythelwyd;Mythelwyd;;;;;;;;;x
PROV391;Treuchlyn;Treuchlyn;Treuchlyn;;;;;;;;;x
PROV392;Caerpriddy;Caerpriddy;Caerpriddy;;;;;;;;;x
PROV393;Erystwyth;Erystwyth;Erystwyth;;;;;;;;;x
PROV394;Nob Heath;Nob Heath;Nob Heath;;;;;;;;;x
PROV395;Milfynn;Milfynn;Milfynn;;;;;;;;;x
PROV427;Westwold;Westwold;Westwold;;;;;;;;;x
PROV428;Ambles-on-Hillfair;Ambles-on-Hillfair;Ambles-on-Hillfair;;;;;;;;;x
PROV429;Greenlock;Greenlock;Greenlock;;;;;;;;;x
PROV430;Coarsewell;Coarsewell;Coarsewell;;;;;;;;;x
PROV431;Fellrock;Fellrock;Fellrock;;;;;;;;;x
PROV451;Dhaikar;Dhaikar;Dhaikar;;;;;;;;;x
PROV452;Zhikun;Zhikun;Zhikun;;;;;;;;;x
PROV504;Lektra;Lektra;Lektra;;;;;;;;;x
PROV501;Sodenside;Sodenside;Sodenside;;;;;;;;;x
PROV502;Kumar;Kumar;Kumar;;;;;;;;;x
PROV505;Skaplan;Skaplan;Skaplan;;;;;;;;;x
PROV506;Coryl;Coryl;Coryl;;;;;;;;;x
PROV507;Ustuheim;Ustuheim;Ustuheim;;;;;;;;;x
PROV508;Njorl;Njorl;Njorl;;;;;;;;;x
PROV509;Kobar;Kobar;Kobar;;;;;;;;;x
PROV464;Sorfeet;Sorfeet;Sorfeet;;;;;;;;;x
PROV465;Nourne;Nourne;Nourne;;;;;;;;;x
PROV466;Holde;Holde;Holde;;;;;;;;;x
PROV503;Bjorlen;Bjorlen;Bjorlen;;;;;;;;;x
PROV500;Haarlik;Haarlik;Haarlik;;;;;;;;;x
PROV467;Kordan;Kordan;Kordan;;;;;;;;;x
PROV515;Mickelbraun;Mickelbraun;Mickelbraun;;;;;;;;;x
PROV510;Twopeak;Twopeak;Twopeak;;;;;;;;;x
PROV511;Holdane's End;Holdane's End;Holdane's End;;;;;;;;;x
PROV512;Shudder Cliff;Shudder Cliff;Shudder Cliff;;;;;;;;;x
PROV513;Schlessblut;Schlessblut;Schlessblut;;;;;;;;;x
PROV514;Nordricht;Nordricht;Nordricht;;;;;;;;;x
PROV516;Nys Annwn;Nys Annwn;Nys Annwn;;;;;;;;;x
PROV517;Tuar Ffolien;Tuar Ffolien;Tuar Ffolien;;;;;;;;;x
PROV518;Tuar Yliesse;Tuar Yliesse;Tuar Yliesse;;;;;;;;;x
PROV519;Mghellwn;Mghellwn;Mghellwn;;;;;;;;;x
PROV520;Indoril;Indoril;Indoril;;;;;;;;;x
PROV521;Cwmbhas;Cwmbhas;Cwmbhas;;;;;;;;;x
PROV522;Maeghrail;Maeghrail;Maeghrail;;;;;;;;;x
PROV523;Siedhecwmbh;Siedhecwmbh;Siedhecwmbh;;;;;;;;;x
PROV524;Aenilien;Aenilien;Aenilien;;;;;;;;;x
PROV549;Murthang;Murthang;Murthang;;;;;;;;;x
PROV544;Burgl;Burgl;Burgl;;;;;;;;;x
PROV545;Jograb;Jograb;Jograb;;;;;;;;;x
PROV546;Duegel;Duegel;Duegel;;;;;;;;;x
PROV550;Snogatroi;Snogatroi;Snogatroi;;;;;;;;;x
PROV551;Tiklek;Tiklek;Tiklek;;;;;;;;;x
PROV547;Furzitz;Furzitz;Furzitz;;;;;;;;;x
PROV548;Liispyk;Liispyk;Liispyk;;;;;;;;;x
PROV552;Thrugger;Thrugger;Thrugger;;;;;;;;;x
PROV920;Zzurk;Zzurk;Zzurk;;;;;;;;;x
PROV553;Hurgz;Hurgz;Hurgz;;;;;;;;;x
PROV554;Zegrabin;Zegrabin;Zegrabin;;;;;;;;;x
PROV555;Boylspyr;Boylspyr;Boylspyr;;;;;;;;;x
PROV556;Wormflyd;Wormflyd;Wormflyd;;;;;;;;;x
PROV557;Puggzeg;Puggzeg;Puggzeg;;;;;;;;;x
PROV534;Ziass;Ziass;Ziass;;;;;;;;;x
PROV532;Almeysk;Almeysk;Almeysk;;;;;;;;;x
PROV536;Donorssk;Donorssk;Donorssk;;;;;;;;;x
PROV535;Dzhamhou;Dzhamhou;Dzhamhou;;;;;;;;;x
PROV538;Loden;Loden;Loden;;;;;;;;;x
PROV533;Pervezniki;Pervezniki;Pervezniki;;;;;;;;;x
PROV537;Tobol;Tobol;Tobol;;;;;;;;;x
PROV539;Chelyatev;Chelyatev;Chelyatev;;;;;;;;;x
PROV543;Glaznyy;Glaznyy;Glaznyy;;;;;;;;;x
PROV540;Pavstrakhan;Pavstrakhan;Pavstrakhan;;;;;;;;;x
PROV541;Ufhevsk;Ufhevsk;Ufhevsk;;;;;;;;;x
PROV542;Urgtau;Urgtau;Urgtau;;;;;;;;;x
PROV561;Siast;Siast;Siast;;;;;;;;;x
PROV558;Zuluk;Zuluk;Zuluk;;;;;;;;;x
PROV559;Tonega;Tonega;Tonega;;;;;;;;;x
PROV560;Ral Vorgrad;Ral Vorgrad;Ral Vorgrad;;;;;;;;;x
PROV562;Kurmansk;Kurmansk;Kurmansk;;;;;;;;;x
PROV563;Karkev;Karkev;Karkev;;;;;;;;;x
PROV564;Baikal;Baikal;Baikal;;;;;;;;;x
PROV565;Tsing;Tsing;Tsing;;;;;;;;;x
PROV566;Inysk;Inysk;Inysk;;;;;;;;;x
PROV567;Dzehbzed;Dzehbzed;Dzehbzed;;;;;;;;;x
PROV529;Vorostokov;Vorostokov;Vorostokov;;;;;;;;;x
PROV525;Kargo;Kargo;Kargo;;;;;;;;;x
PROV526;Kirinova;Kirinova;Kirinova;;;;;;;;;x
PROV527;Yalenk;Yalenk;Yalenk;;;;;;;;;x
PROV528;Oneka;Oneka;Oneka;;;;;;;;;x
PROV530;Siberski;Siberski;Siberski;;;;;;;;;x
PROV531;Torgov;Torgov;Torgov;;;;;;;;;x
PROV652;Ber Dairas;Ber Dairas;Ber Dairas;;;;;;;;;x
PROV648;Low Asarwe;Low Asarwe;Low Asarwe;;;;;;;;;x
PROV649;Mermoune;Mermoune;Mermoune;;;;;;;;;x
PROV650;High Asarwe;High Asarwe;High Asarwe;;;;;;;;;x
PROV651;Deishél;Deishél;Deishél;;;;;;;;;x
PROV653;Khesselim;Khesselim;Khesselim;;;;;;;;;x
PROV657;Andujar;Andujar;Andujar;;;;;;;;;x
PROV654;Ghouref;Ghouref;Ghouref;;;;;;;;;x
PROV655;el-Tasri;el-Tasri;el-Tasri;;;;;;;;;x
PROV656;Harpy's Watch;Harpy's Watch;Harpy's Watch;;;;;;;;;x
PROV658;Moura;Moura;Moura;;;;;;;;;x
PROV662;Ghoudaïa;Ghoudaïa;Ghoudaïa;;;;;;;;;x
PROV659;Tinsouf;Tinsouf;Tinsouf;;;;;;;;;x
PROV660;Sulaïa;Sulaïa;Sulaïa;;;;;;;;;x
PROV661;Shirshet;Shirshet;Shirshet;;;;;;;;;x
PROV663;Baiyuda;Baiyuda;Baiyuda;;;;;;;;;x
PROV664;Serir Rigal;Serir Rigal;Serir Rigal;;;;;;;;;x
PROV665;Fédasa;Fédasa;Fédasa;;;;;;;;;x
PROV646;Waterfjord;Waterfjord;Waterfjord;;;;;;;;;x
PROV645;Westport;Westport;Westport;;;;;;;;;x
PROV647;Laoghaire Point;Laoghaire Point;Laoghaire Point;;;;;;;;;x
PROV964;Tory;Tory;Tory;;;;;;;;;x
PROV714;Ariya;Ariya;Ariya;;;;;;;;;x
PROV715;Djef el-Kadir;Djef el-Kadir;Djef el-Kadir;;;;;;;;;x
PROV716;Kouzir;Kouzir;Kouzir;;;;;;;;;x
PROV713;Kfeira;Kfeira;Kfeira;;;;;;;;;x
PROV712;Tegher;Tegher;Tegher;;;;;;;;;x
PROV710;Adaba;Adaba;Adaba;;;;;;;;;x
PROV711;Fara Zhainge;Fara Zhainge;Fara Zhainge;;;;;;;;;x
PROV718;Azédas;Azédas;Azédas;;;;;;;;;x
PROV717;Assarif;Assarif;Assarif;;;;;;;;;x
PROV702;Shoufal;Shoufal;Shoufal;;;;;;;;;x
PROV700;Dourat;Dourat;Dourat;;;;;;;;;x
PROV701;Barserat;Barserat;Barserat;;;;;;;;;x
PROV703;Seidre;Seidre;Seidre;;;;;;;;;x
PROV708;Aftane;Aftane;Aftane;;;;;;;;;x
PROV704;Jeifel;Jeifel;Jeifel;;;;;;;;;x
PROV705;Kafrin;Kafrin;Kafrin;;;;;;;;;x
PROV706;Ber Tarva;Ber Tarva;Ber Tarva;;;;;;;;;x
PROV707;Oused;Oused;Oused;;;;;;;;;x
PROV709;Busada;Busada;Busada;;;;;;;;;x
PROV671;Zikala;Zikala;Zikala;;;;;;;;;x
PROV672;el-Tehara;el-Tehara;el-Tehara;;;;;;;;;x
PROV673;Deired;Deired;Deired;;;;;;;;;x
PROV674;Alhazír;Alhazír;Alhazír;;;;;;;;;x
PROV675;Azada;Azada;Azada;;;;;;;;;x
PROV676;Houran;Houran;Houran;;;;;;;;;x
PROV666;Turin;Turin;Turin;;;;;;;;;x
PROV667;Ghada;Ghada;Ghada;;;;;;;;;x
PROV668;Khoused;Khoused;Khoused;;;;;;;;;x
PROV669;el-Faríl;el-Faríl;el-Faríl;;;;;;;;;x
PROV670;Tuared;Tuared;Tuared;;;;;;;;;x
PROV686;Irbouda;Irbouda;Irbouda;;;;;;;;;x
PROV682;Birbeg;Birbeg;Birbeg;;;;;;;;;x
PROV683;Baïr el-Tehara;Baïr el-Tehara;Baïr el-Tehara;;;;;;;;;x
PROV684;Agradíl;Agradíl;Agradíl;;;;;;;;;x
PROV685;Meid Tarvai;Meid Tarvai;Meid Tarvai;;;;;;;;;x
PROV687;Khousaba;Khousaba;Khousaba;;;;;;;;;x
PROV688;Seïf el-Avarra;Seïf el-Avarra;Seïf el-Avarra;;;;;;;;;x
PROV677;Akhada;Akhada;Akhada;;;;;;;;;x
PROV678;Sérifel;Sérifel;Sérifel;;;;;;;;;x
PROV679;Meid Zhirgen;Meid Zhirgen;Meid Zhirgen;;;;;;;;;x
PROV680;Facessin;Facessin;Facessin;;;;;;;;;x
PROV681;Meid Aïn;Meid Aïn;Meid Aïn;;;;;;;;;x
PROV689;Ras Ghineb;Ras Ghineb;Ras Ghineb;;;;;;;;;x
PROV693;The Stone Field;The Stone Field;The Stone Field;;;;;;;;;x
PROV692;Ras Bedra;Ras Bedra;Ras Bedra;;;;;;;;;x
PROV690;Aghedir;Aghedir;Aghedir;;;;;;;;;x
PROV691;Ziguin;Ziguin;Ziguin;;;;;;;;;x
PROV897;Dirche;Dirche;Dirche;;;;;;;;;x
PROV694;Mesel;Mesel;Mesel;;;;;;;;;x
PROV697;El Sefra;El Sefra;El Sefra;;;;;;;;;x
PROV696;Rafr;Rafr;Rafr;;;;;;;;;x
PROV698;Timbedrif;Timbedrif;Timbedrif;;;;;;;;;x
PROV699;El Kesir;El Kesir;El Kesir;;;;;;;;;x
PROV695;Tawir;Tawir;Tawir;;;;;;;;;x
PROV572;Medeci;Medeci;Medeci;;;;;;;;;x
PROV573;Tsongya Vale;Tsongya Vale;Tsongya Vale;;;;;;;;;x
PROV574;The Swanwood;The Swanwood;The Swanwood;;;;;;;;;x
PROV575;Tarvonyy;Tarvonyy;Tarvonyy;;;;;;;;;x
PROV576;Forestmarch;Forestmarch;Forestmarch;;;;;;;;;x
PROV577;Gradny;Gradny;Gradny;;;;;;;;;x
PROV578;Novgorik;Novgorik;Novgorik;;;;;;;;;x
PROV579;Dzernin;Dzernin;Dzernin;;;;;;;;;x
PROV901;Dwarf's Deeping;Dwarf's Deeping;Dwarf's Deeping;;;;;;;;;x
PROV580;Highvale;Highvale;Highvale;;;;;;;;;x
PROV571;Sovradaloy;Sovradaloy;Sovradaloy;;;;;;;;;x
PROV568;Ras Medecín;Ras Medecín;Ras Medecín;;;;;;;;;x
PROV569;Dansk;Dansk;Dansk;;;;;;;;;x
PROV570;Movorsk;Movorsk;Movorsk;;;;;;;;;x
PROV585;Cilmwyaren;Cilmwyaren;Cilmwyaren;;;;;;;;;x
PROV584;Llywyngsiele;Llywyngsiele;Llywyngsiele;;;;;;;;;x
PROV586;Van Garreg;Van Garreg;Van Garreg;;;;;;;;;x
PROV762;Black March;Black March;Black March;;;;;;;;;x
PROV581;Dinas Mawwy;Dinas Mawwy;Dinas Mawwy;;;;;;;;;x
PROV582;Wrexwyn;Wrexwyn;Wrexwyn;;;;;;;;;x
PROV583;Holt;Holt;Holt;;;;;;;;;x
PROV587;Tommot;Tommot;Tommot;;;;;;;;;x
PROV588;Zaliv;Zaliv;Zaliv;;;;;;;;;x
PROV753;Glyncaerwyn;Glyncaerwyn;Glyncaerwyn;;;;;;;;;x
PROV752;Morwyth;Morwyth;Morwyth;;;;;;;;;x
PROV754;Allaight;Allaight;Allaight;;;;;;;;;x
PROV755;Garradh;Garradh;Garradh;;;;;;;;;x
PROV1012;Fhiellewyn;Fhiellewyn;Fhiellewyn;;;;;;;;;x
PROV756;Cravengate;Cravengate;Cravengate;;;;;;;;;x
PROV757;North Marten;North Marten;North Marten;;;;;;;;;x
PROV758;South Marten;South Marten;South Marten;;;;;;;;;x
PROV759;Coromandel;Coromandel;Coromandel;;;;;;;;;x
PROV760;Kaniera;Kaniera;Kaniera;;;;;;;;;x
PROV761;Binessin;Binessin;Binessin;;;;;;;;;x
PROV763;Motore;Motore;Motore;;;;;;;;;x
PROV627;Velesk;Velesk;Velesk;;;;;;;;;x
PROV623;Olapeysk;Olapeysk;Olapeysk;;;;;;;;;x
PROV624;Anlersk;Anlersk;Anlersk;;;;;;;;;x
PROV625;Abrskiy;Abrskiy;Abrskiy;;;;;;;;;x
PROV626;Knana;Knana;Knana;;;;;;;;;x
PROV628;Kustagran;Kustagran;Kustagran;;;;;;;;;x
PROV629;Taldy;Taldy;Taldy;;;;;;;;;x
PROV630;Buzu;Buzu;Buzu;;;;;;;;;x
PROV631;Lukzor;Lukzor;Lukzor;;;;;;;;;x
PROV632;Temir;Temir;Temir;;;;;;;;;x
PROV939;Norvsk;Norvsk;Norvsk;;;;;;;;;x
PROV641;Petnoi;Petnoi;Petnoi;;;;;;;;;x
PROV643;Kolinau;Kolinau;Kolinau;;;;;;;;;x
PROV644;Aykbun;Aykbun;Aykbun;;;;;;;;;x
PROV642;Pavisk;Pavisk;Pavisk;;;;;;;;;x
PROV940;Shauz;Shauz;Shauz;;;;;;;;;x
PROV941;Zzyk;Zzyk;Zzyk;;;;;;;;;x
PROV637;Batukhan;Batukhan;Batukhan;;;;;;;;;x
PROV636;Gortz;Gortz;Gortz;;;;;;;;;x
PROV640;Lorka;Lorka;Lorka;;;;;;;;;x
PROV638;Minisk;Minisk;Minisk;;;;;;;;;x
PROV639;Tzubinstak;Tzubinstak;Tzubinstak;;;;;;;;;x
PROV634;Redfoot;Redfoot;Redfoot;;;;;;;;;x
PROV633;Blackspire;Blackspire;Blackspire;;;;;;;;;x
PROV635;Bloodclaw;Bloodclaw;Bloodclaw;;;;;;;;;x
PROV722;Adwyth Tallagh;Adwyth Tallagh;Adwyth Tallagh;;;;;;;;;x
PROV719;Cwmb Daghra;Cwmb Daghra;Cwmb Daghra;;;;;;;;;x
PROV721;Cwmb Mawr;Cwmb Mawr;Cwmb Mawr;;;;;;;;;x
PROV938;Darkhollow;Darkhollow;Darkhollow;;;;;;;;;x
PROV723;South Deeps;South Deeps;South Deeps;;;;;;;;;x
PROV724;Slieve Siona;Slieve Siona;Slieve Siona;;;;;;;;;x
PROV720;Maghabhie;Maghabhie;Maghabhie;;;;;;;;;x
PROV725;North Deeps;North Deeps;North Deeps;;;;;;;;;x
PROV730;Djira;Djira;Djira;;;;;;;;;x
PROV729;Ras Assad;Ras Assad;Ras Assad;;;;;;;;;x
PROV732;Meid Assada;Meid Assada;Meid Assada;;;;;;;;;x
PROV735;el-Qadr;el-Qadr;el-Qadr;;;;;;;;;x
PROV738;Ras Ghul;Ras Ghul;Ras Ghul;;;;;;;;;x
PROV736;Seiria;Seiria;Seiria;;;;;;;;;x
PROV737;Alarin;Alarin;Alarin;;;;;;;;;x
PROV739;Darkgate;Darkgate;Darkgate;;;;;;;;;x
PROV731;Homellin;Homellin;Homellin;;;;;;;;;x
PROV733;West Direwood;West Direwood;West Direwood;;;;;;;;;x
PROV734;East Direwood;East Direwood;East Direwood;;;;;;;;;x
PROV726;Brokendale;Brokendale;Brokendale;;;;;;;;;x
PROV727;el-Besr;el-Besr;el-Besr;;;;;;;;;x
PROV728;Broken Hills;Broken Hills;Broken Hills;;;;;;;;;x
PROV740;Mesire;Mesire;Mesire;;;;;;;;;x
PROV741;Namal;Namal;Namal;;;;;;;;;x
PROV742;Djafra;Djafra;Djafra;;;;;;;;;x
PROV747;Sahaïad;Sahaïad;Sahaïad;;;;;;;;;x
PROV746;Rhas Dhoumaire;Rhas Dhoumaire;Rhas Dhoumaire;;;;;;;;;x
PROV748;Cape Hamah;Cape Hamah;Cape Hamah;;;;;;;;;x
PROV743;el-Deyir;el-Deyir;el-Deyir;;;;;;;;;x
PROV744;Djin Belim;Djin Belim;Djin Belim;;;;;;;;;x
PROV745;Qadal;Qadal;Qadal;;;;;;;;;x
PROV750;Nurida;Nurida;Nurida;;;;;;;;;x
PROV749;Bagira;Bagira;Bagira;;;;;;;;;x
PROV751;Fhírda;Fhírda;Fhírda;;;;;;;;;x
PROV774;Toure el-Fasil;Toure el-Fasil;Toure el-Fasil;;;;;;;;;x
PROV771;Iron Gap;Iron Gap;Iron Gap;;;;;;;;;x
PROV772;West Ibnoume;West Ibnoume;West Ibnoume;;;;;;;;;x
PROV773;Ras Gherdín;Ras Gherdín;Ras Gherdín;;;;;;;;;x
PROV778;Debissín;Debissín;Debissín;;;;;;;;;x
PROV775;Almein;Almein;Almein;;;;;;;;;x
PROV776;Djakhande;Djakhande;Djakhande;;;;;;;;;x
PROV777;Ras Dheiredín;Ras Dheiredín;Ras Dheiredín;;;;;;;;;x
PROV781;Adara;Adara;Adara;;;;;;;;;x
PROV779;Cedeina;Cedeina;Cedeina;;;;;;;;;x
PROV780;Gheirut;Gheirut;Gheirut;;;;;;;;;x
PROV782;Ber Mera;Ber Mera;Ber Mera;;;;;;;;;x
PROV783;Dejera;Dejera;Dejera;;;;;;;;;x
PROV784;Cape Rahel;Cape Rahel;Cape Rahel;;;;;;;;;x
PROV786;Marhab;Marhab;Marhab;;;;;;;;;x
PROV785;Rhas Chedin;Rhas Chedin;Rhas Chedin;;;;;;;;;x
PROV787;Point Qasar;Point Qasar;Point Qasar;;;;;;;;;x
PROV768;Bauth Ravad;Bauth Ravad;Bauth Ravad;;;;;;;;;x
PROV770;Saurmath;Saurmath;Saurmath;;;;;;;;;x
PROV769;Bloodpeaks;Bloodpeaks;Bloodpeaks;;;;;;;;;x
PROV764;Hellforge;Hellforge;Hellforge;;;;;;;;;x
PROV767;Ironguard;Ironguard;Ironguard;;;;;;;;;x
PROV766;Stormwatch;Stormwatch;Stormwatch;;;;;;;;;x
PROV765;Cleftrock;Cleftrock;Cleftrock;;;;;;;;;x
PROV608;Hilov;Hilov;Hilov;;;;;;;;;x
PROV610;Stnerba;Stnerba;Stnerba;;;;;;;;;x
PROV604;Topek;Topek;Topek;;;;;;;;;x
PROV607;Rig;Rig;Rig;;;;;;;;;x
PROV601;Svesmail;Svesmail;Svesmail;;;;;;;;;x
PROV600;Dzhl;Dzhl;Dzhl;;;;;;;;;x
PROV602;Aral;Aral;Aral;;;;;;;;;x
PROV603;Btumi;Btumi;Btumi;;;;;;;;;x
PROV606;Vyslav;Vyslav;Vyslav;;;;;;;;;x
PROV605;Urysk;Urysk;Urysk;;;;;;;;;x
PROV609;Vychek;Vychek;Vychek;;;;;;;;;x
PROV599;Yanskia;Yanskia;Yanskia;;;;;;;;;x
PROV589;Irtysk;Irtysk;Irtysk;;;;;;;;;x
PROV590;Patea;Patea;Patea;;;;;;;;;x
PROV593;Angar;Angar;Angar;;;;;;;;;x
PROV594;Dmitriya;Dmitriya;Dmitriya;;;;;;;;;x
PROV597;Nikolai;Nikolai;Nikolai;;;;;;;;;x
PROV598;Ust Atka;Ust Atka;Ust Atka;;;;;;;;;x
PROV828;Akar Bluffs;Akar Bluffs;Akar Bluffs;;;;;;;;;x
PROV616;Adoga;Adoga;Adoga;;;;;;;;;x
PROV613;Levasta;Levasta;Levasta;;;;;;;;;x
PROV614;Tgar;Tgar;Tgar;;;;;;;;;x
PROV615;Sykvar;Sykvar;Sykvar;;;;;;;;;x
PROV617;Nenza;Nenza;Nenza;;;;;;;;;x
PROV618;Tsupek;Tsupek;Tsupek;;;;;;;;;x
PROV611;Cherovnal;Cherovnal;Cherovnal;;;;;;;;;x
PROV612;Dnepol;Dnepol;Dnepol;;;;;;;;;x
PROV592;Proliv;Proliv;Proliv;;;;;;;;;x
PROV595;Kolyma;Kolyma;Kolyma;;;;;;;;;x
PROV596;Laptevykh;Laptevykh;Laptevykh;;;;;;;;;x
PROV591;Ayon;Ayon;Ayon;;;;;;;;;x
PROV619;Arrowsmith;Arrowsmith;Arrowsmith;;;;;;;;;x
PROV620;Madrik;Madrik;Madrik;;;;;;;;;x
PROV621;Okati;Okati;Okati;;;;;;;;;x
PROV622;Morrins;Morrins;Morrins;;;;;;;;;x
PROV797;Ber Falaïa;Ber Falaïa;Ber Falaïa;;;;;;;;;x
PROV799;Barein;Barein;Barein;;;;;;;;;x
PROV800;Ayandir;Ayandir;Ayandir;;;;;;;;;x
PROV798;Sahadein;Sahadein;Sahadein;;;;;;;;;x
PROV796;Zulaf;Zulaf;Zulaf;;;;;;;;;x
PROV794;South Ibnourne;South Ibnourne;South Ibnourne;;;;;;;;;x
PROV795;Ras Mhin;Ras Mhin;Ras Mhin;;;;;;;;;x
PROV792;el-Sirte;el-Sirte;el-Sirte;;;;;;;;;x
PROV791;Ber Djin;Ber Djin;Ber Djin;;;;;;;;;x
PROV793;Tuarime;Tuarime;Tuarime;;;;;;;;;x
PROV789;Ghourín;Ghourín;Ghourín;;;;;;;;;x
PROV788;Bicheda;Bicheda;Bicheda;;;;;;;;;x
PROV790;Adeid;Adeid;Adeid;;;;;;;;;x
PROV801;Mairada;Mairada;Mairada;;;;;;;;;x
PROV909;Dalcier;Dalcier;Dalcier;;;;;;;;;x
PROV910;Cecídein;Cecídein;Cecídein;;;;;;;;;x
PROV804;Alcamar;Alcamar;Alcamar;;;;;;;;;x
PROV802;Izédas;Izédas;Izédas;;;;;;;;;x
PROV803;Ras-Beiber;Ras-Beiber;Ras-Beiber;;;;;;;;;x
PROV805;Tomail;Tomail;Tomail;;;;;;;;;x
PROV806;el-Denebi;el-Denebi;el-Denebi;;;;;;;;;x
PROV907;Cape Alceis;Cape Alceis;Cape Alceis;;;;;;;;;x
PROV908;el-Feyin;el-Feyin;el-Feyin;;;;;;;;;x
PROV808;Masetium;Masetium;Masetium;;;;;;;;;x
PROV807;Calliana;Calliana;Calliana;;;;;;;;;x
PROV911;Masetiele;Masetiele;Masetiele;;;;;;;;;x
PROV809;Northcape;Northcape;Northcape;;;;;;;;;x
PROV810;Baered;Baered;Baered;;;;;;;;;x
PROV811;Taeg Plain;Taeg Plain;Taeg Plain;;;;;;;;;x
PROV812;Green Mountains;Green Mountains;Green Mountains;;;;;;;;;x
PROV813;el-Assire;el-Assire;el-Assire;;;;;;;;;x
PROV814;Cape Arvuold;Cape Arvuold;Cape Arvuold;;;;;;;;;x
PROV817;The Labyrinth;The Labyrinth;The Labyrinth;;;;;;;;;x
PROV815;Itave;Itave;Itave;;;;;;;;;x
PROV816;Cape Aswir;Cape Aswir;Cape Aswir;;;;;;;;;x
PROV818;Ras Nabil;Ras Nabil;Ras Nabil;;;;;;;;;x
PROV819;el-Saroume;el-Saroume;el-Saroume;;;;;;;;;x
PROV824;Pipryet;Pipryet;Pipryet;;;;;;;;;x
PROV820;Kiyegov;Kiyegov;Kiyegov;;;;;;;;;x
PROV821;Ry'Peski;Ry'Peski;Ry'Peski;;;;;;;;;x
PROV822;Aktarsk;Aktarsk;Aktarsk;;;;;;;;;x
PROV823;Donskoy;Donskoy;Donskoy;;;;;;;;;x
PROV825;Melekes;Melekes;Melekes;;;;;;;;;x
PROV826;Boloshoy Kafkaz;Boloshoy Kafkaz;Boloshoy Kafkaz;;;;;;;;;x
PROV1051;Besarif;Besarif;Besarif;;;;;;;;;x
PROV1052;Jask;Jask;Jask;;;;;;;;;x
PROV1053;Madurai;Madurai;Madurai;;;;;;;;;x
PROV1054;Sahirde;Sahirde;Sahirde;;;;;;;;;x
PROV1055;Shiraz;Shiraz;Shiraz;;;;;;;;;x
PROV1056;Taurellin;Taurellin;Taurellin;;;;;;;;;x
PROV1057;Araba;Araba;Araba;;;;;;;;;x
PROV1058;Belaia;Belaia;Belaia;;;;;;;;;x
PROV1059;Ber Sera;Ber Sera;Ber Sera;;;;;;;;;x
PROV1060;Noura;Noura;Noura;;;;;;;;;x
PROV1061;Sirala;Sirala;Sirala;;;;;;;;;x
PROV1062;Djinara;Djinara;Djinara;;;;;;;;;x
PROV1063;Aqaba;Aqaba;Aqaba;;;;;;;;;x
PROV1064;Forhal;Forhal;Forhal;;;;;;;;;x
PROV1065;Tamijha;Tamijha;Tamijha;;;;;;;;;x
PROV1066;Sardalas;Sardalas;Sardalas;;;;;;;;;x
PROV1067;Djinnim;Djinnim;Djinnim;;;;;;;;;x
PROV1068;el-Sahir;el-Sahir;el-Sahir;;;;;;;;;x
PROV1069;Sira;Sira;Sira;;;;;;;;;x
PROV1070;Semara;Semara;Semara;;;;;;;;;x
PROV1071;el-Zulif;el-Zulif;el-Zulif;;;;;;;;;x
PROV1072;Kourzin;Kourzin;Kourzin;;;;;;;;;x
PROV1073;Ras Qadal;Ras Qadal;Ras Qadal;;;;;;;;;x
PROV1074;Nemal;Nemal;Nemal;;;;;;;;;x
PROV1075;Askarus;Askarus;Askarus;;;;;;;;;x
PROV1076;el-Taurim;el-Taurim;el-Taurim;;;;;;;;;x
PROV1077;Ras Dhoura;Ras Dhoura;Ras Dhoura;;;;;;;;;x
PROV977;Timoshev;Timoshev;Timoshev;;;;;;;;;x
PROV978;Cherinovo;Cherinovo;Cherinovo;;;;;;;;;x
PROV979;Sazonovo;Sazonovo;Sazonovo;;;;;;;;;x
PROV980;Chemodurovo;Chemodurovo;Chemodurovo;;;;;;;;;x
PROV981;Telezhënka;Telezhënka;Telezhënka;;;;;;;;;x
PROV982;Bereg;Bereg;Bereg;;;;;;;;;x
PROV983;Zhuzhelka;Zhuzhelka;Zhuzhelka;;;;;;;;;x
PROV984;Sobolev;Sobolev;Sobolev;;;;;;;;;x
PROV985;Savateyevo;Savateyevo;Savateyevo;;;;;;;;;x
PROV986;Krutikha;Krutikha;Krutikha;;;;;;;;;x
PROV987;Zhokhovo;Zhokhovo;Zhokhovo;;;;;;;;;x
PROV988;Amesyevo;Amesyevo;Amesyevo;;;;;;;;;x
PROV989;Berëzovyy;Berëzovyy;Berëzovyy;;;;;;;;;x
PROV990;Pippuri;Pippuri;Pippuri;;;;;;;;;x
PROV991;Bygina;Bygina;Bygina;;;;;;;;;x
PROV992;Vishnyakovo;Vishnyakovo;Vishnyakovo;;;;;;;;;x
PROV993;Voroshilovo;Voroshilovo;Voroshilovo;;;;;;;;;x
PROV994;Sudakovo;Sudakovo;Sudakovo;;;;;;;;;x
PROV995;Chernyshevka;Chernyshevka;Chernyshevka;;;;;;;;;x
PROV996;Velmino;Velmino;Velmino;;;;;;;;;x
PROV997;Dubrovo;Dubrovo;Dubrovo;;;;;;;;;x
PROV998;Chumnitsa;Chumnitsa;Chumnitsa;;;;;;;;;x
PROV999;Usinskaya;Usinskaya;Usinskaya;;;;;;;;;x
PROV1000;Morshansk;Morshansk;Morshansk;;;;;;;;;x
PROV1001;Stepnoye;Stepnoye;Stepnoye;;;;;;;;;x
PROV1002;Naberezhnyy;Naberezhnyy;Naberezhnyy;;;;;;;;;x
PROV1003;Dyagelevo;Dyagelevo;Dyagelevo;;;;;;;;;x
PROV1004;Dyagov;Dyagov;Dyagov;;;;;;;;;x
PROV832;Maesil River;Maesil River;Maesil River;;;;;;;;;x
PROV833;Tuor River;Tuor River;Tuor River;;;;;;;;;x
PROV834;Lower Maesil River;Lower Maesil River;Lower Maesil River;;;;;;;;;x
PROV835;Middle Maesil River;Middle Maesil River;Middle Maesil River;;;;;;;;;x
PROV836;High Maesil River;High Maesil River;High Maesil River;;;;;;;;;x
PROV837;Mouth of the Maesil River;Mouth of the Maesil River;Mouth of the Maesil River;;;;;;;;;x
PROV838;Stonebyrn River;Stonebyrn River;Stonebyrn River;;;;;;;;;x
PROV842;Zhainge River Mouth;Zhainge River Mouth;Zhainge River Mouth;;;;;;;;;x
PROV843;Zhainge River Bend;Zhainge River Bend;Zhainge River Bend;;;;;;;;;x
PROV844;Upper Zhainge River;Upper Zhainge River;Upper Zhainge River;;;;;;;;;x
PROV845;Tsongva River;Tsongva River;Tsongva River;;;;;;;;;x
PROV846;Gulf of Couranys;Gulf of Couranys;Gulf of Couranys;;;;;;;;;x
PROV847;Gulf of Couranys;Gulf of Couranys;Gulf of Couranys;;;;;;;;;x
PROV848;Gulf of Couranys;Gulf of Couranys;Gulf of Couranys;;;;;;;;;x
PROV849;Gulf of Couranys;Gulf of Couranys;Gulf of Couranys;;;;;;;;;x
PROV850;Ocean;Ocean;Ocean;;;;;;;;;x
PROV851;Ocean;Ocean;Ocean;;;;;;;;;x
PROV852;Ocean;Ocean;Ocean;;;;;;;;;x
PROV853;Ajari Deeps;Ajari Deeps;Ajari Deeps;;;;;;;;;x
PROV854;Ocean;Ocean;Ocean;;;;;;;;;x
PROV855;Ocean;Ocean;Ocean;;;;;;;;;x
PROV857;Straights of Aerele;Straights of Aerele;Straights of Aerele;;;;;;;;;x
PROV858;Straights of Aerele;Straights of Aerele;Straights of Aerele;;;;;;;;;x
PROV859;Straights of Aerele;Straights of Aerele;Straights of Aerele;;;;;;;;;x
PROV860;The Arnienbae;The Arnienbae;The Arnienbae;;;;;;;;;x
PROV861;Sea of Storms;Sea of Storms;Sea of Storms;;;;;;;;;x
PROV862;Sea of Storms;Sea of Storms;Sea of Storms;;;;;;;;;x
PROV863;Sea of Storms;Sea of Storms;Sea of Storms;;;;;;;;;x
PROV864;Eastern Tael Firth Bay;Eastern Tael Firth Bay;Eastern Tael Firth Bay;;;;;;;;;x
PROV865;Western Tael Firth Bay;Western Tael Firth Bay;Western Tael Firth Bay;;;;;;;;;x
PROV866;Sea of Storms;Sea of Storms;Sea of Storms;;;;;;;;;x
PROV867;Thaelasian Passage;Thaelasian Passage;Thaelasian Passage;;;;;;;;;x
PROV868;Thaelasian Passage;Thaelasian Passage;Thaelasian Passage;;;;;;;;;x
PROV869;Thaelasian Sea;Thaelasian Sea;Thaelasian Sea;;;;;;;;;x
PROV870;Thaelasian Sea;Thaelasian Sea;Thaelasian Sea;;;;;;;;;x
PROV871;Thaelasian Sea;Thaelasian Sea;Thaelasian Sea;;;;;;;;;x
PROV872;Krakennauricht Bay;Krakennauricht Bay;Krakennauricht Bay;;;;;;;;;x
PROV873;Danig Arm;Danig Arm;Danig Arm;;;;;;;;;x
PROV874;Krakennauricht Bay;Krakennauricht Bay;Krakennauricht Bay;;;;;;;;;x
PROV875;Dauren Arm;Dauren Arm;Dauren Arm;;;;;;;;;x
PROV876;Krakennauricht Bay;Krakennauricht Bay;Krakennauricht Bay;;;;;;;;;x
PROV877;Krakennauricht Bay;Krakennauricht Bay;Krakennauricht Bay;;;;;;;;;x
PROV878;Krakennauricht Bay;Krakennauricht Bay;Krakennauricht Bay;;;;;;;;;x
PROV879;the Dwarfhame;the Dwarfhame;the Dwarfhame;;;;;;;;;x
PROV880;Krakennauricht Bay;Krakennauricht Bay;Krakennauricht Bay;;;;;;;;;x
PROV881;Krakenstaur Sea;Krakenstaur Sea;Krakenstaur Sea;;;;;;;;;x
PROV882;Krakennauricht Bay;Krakennauricht Bay;Krakennauricht Bay;;;;;;;;;x
PROV883;Krakennauricht Bay;Krakennauricht Bay;Krakennauricht Bay;;;;;;;;;x
PROV884;Krakennauricht Bay;Krakennauricht Bay;Krakennauricht Bay;;;;;;;;;x
PROV885;Krakennauricht Bay;Krakennauricht Bay;Krakennauricht Bay;;;;;;;;;x
PROV886;Krakennauricht Bay;Krakennauricht Bay;Krakennauricht Bay;;;;;;;;;x
PROV887;Leviathan's Reach;Leviathan's Reach;Leviathan's Reach;;;;;;;;;x
PROV888;Leviathan's Reach;Leviathan's Reach;Leviathan's Reach;;;;;;;;;x
PROV889;Leviathan's Reach;Leviathan's Reach;Leviathan's Reach;;;;;;;;;x
PROV890;Leviathan's Reach;Leviathan's Reach;Leviathan's Reach;;;;;;;;;x
PROV891;Leviathan's Reach;Leviathan's Reach;Leviathan's Reach;;;;;;;;;x
PROV892;Meire El Merasaf;Meire El Merasaf;Meire El Merasaf;;;;;;;;;x
PROV893;Meire El Merasaf;Meire El Merasaf;Meire El Merasaf;;;;;;;;;x
PROV894;Meire El Merasaf;Meire El Merasaf;Meire El Merasaf;;;;;;;;;x
PROV895;Meire El Merasaf;Meire El Merasaf;Meire El Merasaf;;;;;;;;;x
PROV896;Meire El Merasaf;Meire El Merasaf;Meire El Merasaf;;;;;;;;;x
PROV936;Mer Beiber;Mer Beiber;Mer Beiber;;;;;;;;;x
PROV921;Straits of Bagira;Straits of Bagira;Straits of Bagira;;;;;;;;;x
PROV922;Serpent's Reach;Serpent's Reach;Serpent's Reach;;;;;;;;;x
PROV923;Minotaur's Passage;Minotaur's Passage;Minotaur's Passage;;;;;;;;;x
PROV924;Sea of Ghosts;Sea of Ghosts;Sea of Ghosts;;;;;;;;;x
PROV925;Ocean B;Ocean B;Ocean B;;;;;;;;;x
PROV926;Gulf of Couranys;Gulf of Couranys;Gulf of Couranys;;;;;;;;;x
PROV927;Gulf of Couranys;Gulf of Couranys;Gulf of Couranys;;;;;;;;;x
PROV928;Harpy's Passage;Harpy's Passage;Harpy's Passage;;;;;;;;;x
PROV929;Ocean E;Ocean E;Ocean E;;;;;;;;;x
PROV930;Ocean F;Ocean F;Ocean F;;;;;;;;;x
PROV931;Ocean G;Ocean G;Ocean G;;;;;;;;;x
PROV932;Ocean H;Ocean H;Ocean H;;;;;;;;;x
PROV933;Ocean I;Ocean I;Ocean I;;;;;;;;;x
PROV934;Ocean J;Ocean J;Ocean J;;;;;;;;;x
PROV935;Meire El-Djafra;Meire El-Djafra;Meire El-Djafra;;;;;;;;;x
PROV937;Lake Treucht;Lake Treucht;Lake Treucht;;;;;;;;;x
PROV966;Lake Adoga;Lake Adoga;Lake Adoga;;;;;;;;;x
PROV969;Leviathan's Reach;Leviathan's Reach;Leviathan's Reach;;;;;;;;;x
PROV1009;Leviathan's Reach;Leviathan's Reach;Leviathan's Reach;;;;;;;;;x
PROV1010;Leviathan's Reach;Leviathan's Reach;Leviathan's Reach;;;;;;;;;x
PROV1011;Leviathan's Reach;Leviathan's Reach;Leviathan's Reach;;;;;;;;;x
PROV839;Asarwe River;Asarwe River;Asarwe River;;;;;;;;;x
PROV840;Asarwe River;Asarwe River;Asarwe River;;;;;;;;;x
PROV963;Asarwe River;Asarwe River;Asarwe River;;;;;;;;;x
PROV841;Bannalach;Bannalach;Bannalach;;;;;;;;;x
PROV959;Bannalach;Bannalach;Bannalach;;;;;;;;;x
PROV960;Bannalach;Bannalach;Bannalach;;;;;;;;;x
PROV961;Bannalach;Bannalach;Bannalach;;;;;;;;;x
PROV962;Bannalach;Bannalach;Bannalach;;;;;;;;;x
PROV970;Loch Shel;Loch Shel;Loch Shel;;;;;;;;;x
PROV972;Lake C;Lake C;Lake C;;;;;;;;;x
PROV973;Lake Timoshev;Lake Timoshev;Lake Timoshev;;;;;;;;;x
PROV974;Annwnallach;Annwnallach;Annwnallach;;;;;;;;;x
PROV975;Lake F;Lake F;Lake F;;;;;;;;;x
PROV976;Lake G;Lake G;Lake G;;;;;;;;;x
PROV1005;Anlad R.;Anlad R.;Anlad R.;;;;;;;;;x
PROV1006;Anlad R.;Anlad R.;Anlad R.;;;;;;;;;x
PROV1007;Anlad R.;Anlad R.;Anlad R.;;;;;;;;;x
PROV1008;Anlad R.;Anlad R.;Anlad R.;;;;;;;;;x
PROV1040;Elfwash R.;Elfwash R.;Elfwash R.;;;;;;;;;x
PROV1041;Elfwash R.;Elfwash R.;Elfwash R.;;;;;;;;;x
PROV1042;Lake Rhuobhe;Lake Rhuobhe;Lake Rhuobhe;;;;;;;;;x
PROV1043;Black R.;Black R.;Black R.;;;;;;;;;x
PROV1044;Black R.;Black R.;Black R.;;;;;;;;;x
PROV1045;Black R.;Black R.;Black R.;;;;;;;;;x
PROV1046;Black R.;Black R.;Black R.;;;;;;;;;x
PROV1047;Black R.;Black R.;Black R.;;;;;;;;;x
PROV1048;Tsivil R.;Tsivil R.;Tsivil R.;;;;;;;;;x
PROV1049;Tsivil R.;Tsivil R.;Tsivil R.;;;;;;;;;x
PROV1050;Khurinbyrn R.;Khurinbyrn R.;Khurinbyrn R.;;;;;;;;;x
PROV971;Khurinlach;Khurinlach;Khurinlach;;;;;;;;;x
PROV856;Baïr El-Mehare;Baïr El-Mehare;Baïr El-Mehare;;;;;;;;;x
PROV1078;Baïr El-Mehare;Baïr El-Mehare;Baïr El-Mehare;;;;;;;;;x
PROV1079;Baïr El-Mehare;Baïr El-Mehare;Baïr El-Mehare;;;;;;;;;x
PROV1080;Baïr El-Mehare;Baïr El-Mehare;Baïr El-Mehare;;;;;;;;;x
PROV1081;Baïr El-Mehare;Baïr El-Mehare;Baïr El-Mehare;;;;;;;;;x
PROV1082;Baïr El-Mehare;Baïr El-Mehare;Baïr El-Mehare;;;;;;;;;x
PROV1083;Baïr El-Mehare;Baïr El-Mehare;Baïr El-Mehare;;;;;;;;;x
PROV1084;Baïr El-Mehare;Baïr El-Mehare;Baïr El-Mehare;;;;;;;;;x
PROV1085;Baïr El-Mehare;Baïr El-Mehare;Baïr El-Mehare;;;;;;;;;x
PROV1086;Baïr El-Mehare;Baïr El-Mehare;Baïr El-Mehare;;;;;;;;;x
PROV1087;Baïr El-Mehare;Baïr El-Mehare;Baïr El-Mehare;;;;;;;;;x
PROV1088;Baïr El-Mehare;Baïr El-Mehare;Baïr El-Mehare;;;;;;;;;x
PROV1089;Baïr El-Mehare;Baïr El-Mehare;Baïr El-Mehare;;;;;;;;;x
PROV1090;Baïr El-Mehare;Baïr El-Mehare;Baïr El-Mehare;;;;;;;;;x
PROV1091;Baïr El-Mehare;Baïr El-Mehare;Baïr El-Mehare;;;;;;;;;x
PROV1092;Morrins Bay;Morrins Bay;Morrins Bay;;;;;;;;;x
PROV1093;Arm of Levasta;Arm of Levasta;Arm of Levasta;;;;;;;;;x
