EVTDESCDUEL2;You and [FromFrom.GetBestName] slowly circle each other, tense and focused. You scan [FromFrom.GetHerHim] for any sign of weakness, any opening in [FromFrom.GetHerHis] defense that you could possibly exploit.;Vous et [FromFrom.GetBestName] vous tournez lentement autour, tendus et concentrés, guettant chez l’autre le moindre signe de faiblesse, la moindre ouverture dans sa défense. ;;;Tu y [FromFrom.GetBestName] se posicionan frente a frente, la tensión se palpa en el ambiente.  Lo observas buscando signos de flaqueza, para descubrir alguna brecha en su defensa y dirigir el golpe.;;;;;;;;;x;;;;;;;;;;;;;;
EVTOPTADUEL2;One mistake is all [FromFrom.GetSheHe]'ll get...;[FromFrom.GetSheHe] n’aura droit qu’à une seule erreur... ;;;Un error es todo lo que [FromFrom.GetSheHe] necesita para conseguirlo;;;;;;;;;x;;;;;;;;;;;;;;
EVTDESCDUEL3;You and [From.GetBestName] slowly circle each other, tense and focused. You scan [From.GetHerHim] for any sign of weakness, any opening in [From.GetHerHis] defense that you could possibly exploit.;Vous et [From.GetBestName] vous tournez lentement autour, tendus et concentrés, guettant chez l’autre le moindre signe de faiblesse, la moindre ouverture dans sa défense. ;;;Tu y [FromFrom.GetBestName] se posicionan frente a frente, la tensión se palpa en el ambiente.  Lo observas buscando signos de flaqueza, para descubrir alguna brecha en su defensa y dirigir el golpe.;;;;;;;;;x;;;;;;;;;;;;;;
EVTOPTADUEL3;One mistake is all [From.GetSheHe]'ll get...;[From.GetSheHe] n’aura droit qu’à une seule erreur... ;;;Un error es todo lo que [From.GetSheHe] necesita para conseguirlo;;;;;;;;;x;;;;;;;;;;;;;;
EVTDESCDUEL5;You see a weak spot, a vulnerability. It's not much, but it's all you need.;Vous apercevez un point faible, une vulnérabilité. Ce n'est pas grand-chose, mais c'est tout ce dont vous avez besoin.;;;Ves un hueco en su defensa, una vulnerabilidad, no es mucho, pero es todo los que necesitas;;;;;;;;;x;;;;;;;;;;;;;;
EVTOPTADUEL5;Strike!;Frapper !;;;¡Ataca!;;;;;;;;;x;;;;;;;;;;;;;;
EVTTOOLTIPDUEL6;tries to defend [This.GetHerHim]self!;essaye de se défendre;;;Intenta defenderte;;;;;;;;;x;;;;;;;;;;;;;;
EVTDESCDUEL6;Before you have a chance to spot an opening, [From.GetBestName] launches a furious, frenzied attack!;Sans vous avoir laissé le temps de trouver une ouverture, [From.GetBestName] lance une attaque furieuse, frénétique !;;;Antes de que puedas atacar, [From.GetBestName] lanza un fiero y frenético ataque;;;;;;;;;x;;;;;;;;;;;;;;
EVTOPTADUEL6;Defend yourself!;Vous défendre !;;;¡Defiendete!;;;;;;;;;x;;;;;;;;;;;;;;
EVTDESCDUEL105;You easily break through [FromFrom.GetBestName]'s guard and knock [FromFrom.GetHerHim] to the ground. [FromFrom.GetSheHeCap] lies sprawled at your feet, completely at your mercy.;Vous brisez facilement la garde de [FromFrom.GetBestName] et le mettez à terre. [FromFrom.GetSheHeCap] est à vos pieds, complètement à votre merci.;;;Facilmente rompes su guardia y cae al suelo inmdediatamente, [FromFrom.GetBestName] esta a tus pies y completamente a tu merced.;;;;;;;;;x;;;;;;;;;;;;;;
EVTOPTADUEL105;It's all over now!;Tout est fini maintenant !;;;Todo ha terminado ya;;;;;;;;;x;;;;;;;;;;;;;;
EVTTOOLTIPDUEL106;reacts;réagit;;;reacciona;;;;;;;;;x;;;;;;;;;;;;;;
EVTDESCDUEL106;[From.GetBestName] overwhelms your defense and, with a mighty blow, sends you sprawling to the ground. You look up at [From.GetHerHim] towering above you, ready to deliver the finishing blow...;[From.GetBestName] déborde votre défense et, d'un coup puissant, vous projette à terre. Vous levez les yeux vers lui. Sa silhouette imposante se dresse au-dessus de vous, prête à vous donner le coup de grâce…;;;[From.GetBestName] con un poderoso golpe aplasta tu defensa, caes al suelo inmediatamente. Miras hacias arriba y lo ves a él, listo para dar el golpe final.;;;;;;;;;x;;;;;;;;;;;;;;
EVTOPTADUEL106;Yield! Yield!;Je me rends ! Je me rends !;;;¡Me rindo!;;;;;;;;;x;;;;;;;;;;;;;;
EVTOPTBDUEL106;I'm not finished yet!;Je n'ai pas encore dit mon dernier mot !;;;¡Esto no ha terminado todavia!;;;;;;;;;x;;;;;;;;;;;;;;
EVTOPTCDUEL106;What is dead may never die!;Ce qui est mort ne saurait mourir !;;;¡Lo que está muerto no puede morir!;;;;;;;;;x;;;;;;;;;;;;;;
EVTOPTDDUEL106;Unbowed! Unbent! UNBROKEN!;Insoumis ! Invaincus ! INTACTS !;;;¡Erguido! ¡Enderezado! ¡INTACTO!;;;;;;;;;x;;;;;;;;;;;;;;
EVTTOOLTIPDUEL107;considers your yield;tient compte de votre réddition;;;considera su rendición;;;;;;;;;x;;;;;;;;;;;;;;
EVTDESCDUEL107;[From.GetBestName] drops [From.GetHerHis] weapon and throws up [From.GetHerHis] hands. 'Yield! I yield!';[From.GetBestName] lâche son arme et lève ses mains. 'Je me rends ! Je me rends !';;;[From.GetBestName] tira su espada y levanta las manos, ¡Me rindo!;;;;;;;;;x;;;;;;;;;;;;;;
EVTOPTADUEL107;I accept. Back on your feet..;J'accepte. Relève-toi…;;;La acepto, que la vergüenza te siga hasta el lecho de muerte;;;;;;;;;x;;;;;;;;;;;;;;
EVTOPTBDUEL107;No.;Non.;;;¡Nunca!;;;;;;;;;x;;;;;;;;;;;;;;
EVTOPTCDUEL107;A Lannister always pays his debts.;Un Lannister paye toujours ses dettes.;;;Un Lannister siempre paga sus deudas;;;;;;;;;x;;;;;;;;;;;;;;
EVTTOOLTIPDUEL108;is defeated.;est défait.;;;esta muerto.;;;;;;;;;x;;;;;;;;;;;;;;
EVTDESCDUEL108;[From.GetFirstName] lowers the point of [From.GetHerHis] weapon and extends a hand. 'I accept,' [From.GetSheHe] says, 'back on your feet.';[From.GetFirstName] abaisse son arme et tend sa main. 'J'accepte,' dit-[From.GetSheHe], 'relève-toi'.;;;[From.GetFirstName] embaina su espada y extiende su mano. 'la acepto, dijo, 'ponte en pie.';;;;;;;;;x;;;;;;;;;;;;;;
EVTOPTADUEL108;Your battle, fairly won.;Votre bataille, remportée honorablement.;;;Su combate, gano justamente.;;;;;;;;;x;;;;;;;;;;;;;;
EVTTOOLTIPDUEL109;is slain!;est tué !;;;¡Es asesinado!;;;;;;;;;x;;;;;;;;;;;;;;
EVTDESCDUEL109;[From.GetFirstName] looks down at you without a hint of emotion on [From.GetHerHis] face.\n'No.'\nAll goes dark....;[From.GetFirstName] vous regarde de haut sans la moindre émotion sur son visage.\n'Non.'\nTout devient noir.;;;[From.GetFirstName] te mira sin ninguna expresión en su rostro.\n'No.'\nTodo se oscurece....;;;;;;;;;x;;;;;;;;;;;;;;
EVTOPTADUEL109;Aaargh!;Aaargh !;;;¡Aaargh!;;;;;;;;;x;;;;;;;;;;;;;;
EVTTOOLTIPDUEL110;You roll to dodge the final blow;Vous roulez pour éviter le coup de grâce. ;;;Tratas de esquivar el golpe final.;;;;;;;;;x;;;;;;;;;;;;;;
EVTDESCDUEL110;[FromFrom.GetBestName] strikes, but you roll to dodge just in time, taking no more than a flesh wound. You force yourself back to your feet and hold your weapon ready.;[FromFrom.GetBestName] frappe mais vous roulez juste à temps pour esquiver le coup et ne recevez qu'une très légère blessure. Vous vous relevez et empoignez votre arme avec force. ;;;[FromFrom.GetBestName] golpea, pero esquivas el golpe justo a tiempo, teniendo no más de una herida superficial. Inmediatamente coges tu espada y te pones en pie.;;;;;;;;;x;;;;;;;;;;;;;;
EVTOPTADUEL110;You won't get another chance!;Tu n'auras pas de deuxième chance !;;;¡No tendras otra oportunida!;;;;;;;;;x;;;;;;;;;;;;;;
EVTTOOLTIPDUEL111;reacts;réagit;;;reacciona;;;;;;;;;x;;;;;;;;;;;;;;
EVTDESCDUEL111;You strike, but [From.GetBestName] rolls to the side, wounded but still very much alive. [From.GetSheHeCap] rises to [From.GetHerHis] feet and readies [From.GetHerHis] weapon once again.;Vous frappez mais [From.GetBestName] roule sur le côté, certes blessé mais toujours bien vivant. [From.GetSheHeCap] se remet sur ses jambes et empoigne à nouveau son arme.;;;Golpeas, pero [From.GetBestName] rueda por el suelo,herido pero vivo. Se levanta cogiendo su espada, preparado otra vez para el combate.;;;;;;;;;x;;;;;;;;;;;;;;
EVTOPTADUEL111;Why won't you just DIE?!;Pourquoi ne veux-tu pas juste CREVER ?!;;;¡¿Por qué no mueres?!;;;;;;;;;x;;;;;;;;;;;;;;
EVTDESCDUEL201;[FromFrom.GetBestName] tries to fight back, but you force your way through, easily overpowering [FromFrom.GetHerHis] pathetic defense. You strike for [FromFrom.GetHerHis] heart with all your might!;[FromFrom.GetBestName] tente de résister mais vous imposez votre rythme, débordant aisément sa pathétique défense. De toute vos forces, vous luttez pour avoir sa tête !;;;[FromFrom.GetBestName] intenta luchar otra vez, pero le vuelves a golpear con fuerza, facilmente aplastas su defensa. Le clavas la espada en su corazon con todas tus fuerzas.;;;;;;;;;x;;;;;;;;;;;;;;
EVTOPTADUEL201;DIE!;MEURS !;;;¡MUERE BASTARDO!;;;;;;;;;x;;;;;;;;;;;;;;
EVTOPTBDUEL201;OURS IS THE FURY!;NÔTRE EST LA FUREUR !;;;¡NUESTRA ES LA FURIA!;;;;;;;;;x;;;;;;;;;;;;;;
EVTOPTCDUEL201;FIRE AND BLOOD!;FEU ET SANG !;;;¡FUEGO Y SANGRE!;;;;;;;;;x;;;;;;;;;;;;;;
EVTTOOLTIPDUEL202;is slain!;est tué!;;;¡Es asesinado!;;;;;;;;;x;;;;;;;;;;;;;;
EVTDESCDUEL202;You try to hold [From.GetBestName] back, but [From.GetHerHis] onslaught is unstoppable! You only slip once, but once is all [From.GetSheHe] needs...;Vous essayez de repousser [From.GetBestName], mais son attaque est imparable ! Vous êtes déstabilisé l’espace d’une seconde, et il ne lui en faut pas plus… ;;;Intentas defenderte de [From.GetBestName] otra vez, pero su embestida es imparable. Solo erras una vez, pero es todo lo que él necesita...;;;;;;;;;x;;;;;;;;;;;;;;
EVTOPTADUEL202;Aaaaargh!;Aaaaargh !;;;¡Aaargh!;;;;;;;;;x;;;;;;;;;;;;;;
EVTDESCDUEL203;[From.GetBestName] crumples to the ground, lifeless. You wipe [From.GetHerHis] blood from your weapon. The deed is done. [From.GetSheHeCap] is dead.;[From.GetBestName] gît à terre, sans vie. Vous essuyez son sang de votre arme. C'est fait. [From.GetSheHeCap] est mort.;;;[From.GetBestName] yace en el suelo, sin vida. LImpias [From.GetHerHis]de tu espada. Ya esta hecho. [From.GetSheHeCap] esta muerto.;;;;;;;;;x;;;;;;;;;;;;;;
EVTOPTADUEL203;Victory!;Victory!;;;Victory!;;;;;;;;;x;;;;;;;;;;;;;;
EVTDESCDUEL301;You and [FromFrom.GetBestName] sit atop your horses at opposite ends of the lists. Banners flap in the wind and the crowd looks on in rapt expectation. You brace yourself and ready your lance.;Vous vous trouvez à l'extrémité de la lice, face à [FromFrom.GetBestName]. Vos chevaux s'ébrouent, les bannières claquent au vent et la foule silencieuse attend fébrilement. Vous abaissez la visière de votre bassinet et préparez votre lance. ;;;Tu y [FromFrom.GetBestName] montan sus caballos en los extremos opuestos en la Justa. Las banderas ondean con el viento y la multitud observa con gran expectación. Coges tu lanza y encaras a tu oponente.;;;;;;;;;x;;;;;;;;;;;;;;
EVTOPTADUEL301;Charge!;Charger ! ;;;¡Carga!;;;;;;;;;x;;;;;;;;;;;;;;
EVTOPTBDUEL301;I'll drive my lance right through [FromFrom.GetHerHis] throat...;Je vais diriger ma lance directement sur sa gorge… ;;;Dirigiré mi lanza justo a [FromFrom.GetHerHis] garganta;;;;;;;;;x;;;;;;;;;;;;;;
EVTDESCDUEL302;You and [From.GetBestName] sit atop your horses at opposite ends of the lists. Banners flap in the wind and the crowd looks on in rapt expectation. You brace yourself and ready your lance.;Vous vous trouvez à l'extrémité de la lice, face à [FromFrom.GetBestName]. Vos chevaux s'ébrouent, les bannières claquent au vent et la foule silencieuse attend fébrilement. Vous abaissez la visière de votre bassinet et préparez votre lance. ;;;Tu y [FromFrom.GetBestName] montan sus caballos en los extremos opuestos en la Justa. Las banderas ondean con el viento y la multitud observa con gran expectación. Coges tu lanza y encaras a tu oponente.;;;;;;;;;x;;;;;;;;;;;;;;
EVTOPTADUEL302;Charge!;Charger !;;;¡Carga!;;;;;;;;;x;;;;;;;;;;;;;;
EVTOPTBDUEL302;I'll drive my lance right through [From.GetHerHis] throat...;Je vais directement frapper sa gorge… ;;;Dirigiré mi lanza justo a [From.GetHerHis] garganta;;;;;;;;;x;;;;;;;;;;;;;;
EVTDESCDUEL303;The crowd roars and hooves beat against the dirt. You lean into your charge, lance extended forward, sweat dripping from your brow. For a moment, the tension grips you completely. And then you feel the shock run down your arm, as your lances crashes into your opponent!;La foule rugit tandis que les sabots martèlent la lice. Vous vous penchez sur votre monture, la lance en avant, une goutte de sueur perlant le long de votre cou. La tension s’empare de vous pour un instant, puis vous sentez le choc à travers votre bras alors que votre lance frappe votre adversaire. ;;;La multitud ruge y patea contra el suelo. Comienza tu carga, lanza extendida hacia el frente, el sudor emana de tu frente. Por un momento, la tensión se palpa en el ambiente. Entonces sientes un golpe en el brazo, ¡tu lanza ha impactado contra tu oponente!;;;;;;;;;x;;;;;;;;;;;;;;
EVTOPTADUEL303;Raaagh!;Aaaaah !;;;¡Aaaaah!;;;;;;;;;x;;;;;;;;;;;;;;
EVTTOOLTIPDUEL304;is struck!;est frappé !;;;¡es golpeado!;;;;;;;;;x;;;;;;;;;;;;;;
EVTDESCDUEL304;The crowd roars and hooves beat against the dirt. You lean into your charge, lance extended forward, sweat dripping from your brow. For a moment, the tension grips you completely. And then you feel the shock as your opponent's lance crashes into you!;La foule rugit tandis que les sabots martèlent la lice. Vous vous penchez sur votre monture, la lance en avant, une goutte de sueur perle le long de votre cou. La tension s’empare de vous pour un instant, puis vous sentez le choc alors que la lance de votre adversaire vous frappe !;;;La multitud ruge y patea contra el suelo. Comienza tu carga, lanza extendida hacia el frente, el sudor emana de tu frente. Por un momento, la tensión se palpa en el ambiente. Entonces sientes un shock y un golpe tremendo, ¡la lanza de tu oponente ha impactado contra ti!;;;;;;;;;x;;;;;;;;;;;;;;
EVTOPTADUEL304;Aaargh!;Aaargh!;;;¡Aaargh!;;;;;;;;;x;;;;;;;;;;;;;;
EVTDESCDUEL309;Your lance smashes into [FromFrom.GetBestName]'s shield, and [FromFrom.GetSheHe] topples from [FromFrom.GetHerHis] horse. You slow your horse to a trot and turn, raising your lance into the sky while the crowd cheers your victory.;Votre lance se brise sur le bouclier de [FromFrom.GetBestName] qui est jeté à bas de son cheval. Vous mettez votre monture au trot puis lui faites faire demi-tour au bout de la lice, levant votre lance au ciel tandis que la foule acclame votre victoire. ;;;Tu lanza impacto en el escudo de [FromFrom.GetBestName], tirandole de [FromFrom.GetHerHis] caballo. Cabalgas hacia el palco, levantas tu lanza al cielo mientras la multitud corea tu victoria.;;;;;;;;;x;;;;;;;;;;;;;;
EVTOPTADUEL309;Victory!;Victoire !;;;¡Victoria!;;;;;;;;;x;;;;;;;;;;;;;;
EVTTOOLTIPDUEL310;is defeated.;est défait.;;;esta muerto.;;;;;;;;;x;;;;;;;;;;;;;;
EVTDESCDUEL310;[From.GetBestName]'s lance smashes into your shield, and you try to cling to your horse, but the force is too much. You are thrown from the saddle, and are left in the dirt as the crowd cheers for [From.GetTitledFirstName]'s victory.;La lance de [From.GetBestName] se brise sur votre bouclier et vous tentez désespéremment de rester en selle, mais le choc est trop fort. Vous êtes désarçonné et vous vous écrasez au sol tandis que la foule acclame la victoire de [From.GetTitledFirstName].;;;La lanzavde [From.GetBestName] impacto contra tu escudo tirandote del caballo, el golpe fue demasiado fuerte. Aturdido en el suelo, oyes como la multitud corea la victoria de [From.GetTitledFirstName].;;;;;;;;;x;;;;;;;;;;;;;;
EVTOPTADUEL310;Curses!;Malédiction !;;;¡Maldición!;;;;;;;;;x;;;;;;;;;;;;;;
EVTDESCDUEL311;[FromFrom.GetBestName] tries to take the blow on [FromFrom.GetHerHis] shield, but your lance slips past, driving hard into [FromFrom.GetHerHis] neck. The wood cracks and your opponent slips from [FromFrom.GetHerHis] horse and lies in the dirt, slowly dying in a pool of [FromFrom.GetHerHis] own blood. You have won, but at what cost?;[FromFrom.GetBestName] tente de prendre le coup sur son bouclier, mais votre lance dévie et le frappe violemment au cou. Le bois craque et votre adversaire chute de son cheval. A terre, il agonise, s'etouffant dans son propre sang. Vous avez gagné, mais à quel prix ? ;;;[FromFrom.GetBestName] intentas golpear [FromFrom.GetHerHis] shield, pero tu lanza se parte, incrustandose direntamente en [FromFrom.GetHerHis] garganta. Tu oponente cae desde [FromFrom.GetHerHis] caballo, muriendo lentamente en un charco de [FromFrom.GetHerHis] propia sangre. has ganado pero, ¿a que precio?;;;;;;;;;x;;;;;;;;;;;;;;
EVTOPTADUEL311;Such a tragedy...;Quelle tragédie…;;;Que tragedia…;;;;;;;;;x;;;;;;;;;;;;;;
EVTDESCDUEL312;You try to take the blow on your shield, but it slips past. You have just time enough time to fill with horror before the great wooden spear drives itself into your throat, and everything goes dark.;Vous essayez de prendre le coup sur votre bouclier mais il dévie. Vous avez juste le temps de lâcher un cri avant que la grande lance de bois ne frappe votre gorge, et tout devient noir.;;;Intentas protegerte con tu escudo, pero no lo consigues. Tienes el tiempo justo para ver como la lanza de tu oponente se inserta en garganta y se parte, y todo se vuelve oscuro.;;;;;;;;;x;;;;;;;;;;;;;;
EVTOPTADUEL312;Aaaaargh!;Aaaaargh !;;;¡Aaargh!;;;;;;;;;x;;;;;;;;;;;;;;
EVTTOOLTIPDUELOUTPUT1;is victorious!;est victorieux!;;;¡es victorioso!;;;;;;;;;x;;;;;;;;;;;;;;
EVTDESCDUELOUTPUT1;The fight is over. [From.GetBestName] lies defeated. You have won!;Le combat est terminé. [From.GetBestName] est vaincu. Vous avez gagné !;;;El combate a terminado. [From.GetBestName] cae derrotado. ¡Has ganado!;;;;;;;;;x;;;;;;;;;;;;;;
EVTOPTADUELOUTPUT1;Victory is mine!;La victoire est mienne !;;;¡ La victoria es mia!;;;;;;;;;x;;;;;;;;;;;;;;
EVTDESC5556000;Fighting across the field, you see an enemy soldier cut off from the others. While you can't tell who, it's clear that they must be a highborn noble.;Alors que vous vous battez sur le champ de bataille, vous apercevez un soldat ennemi sortir des rangs. Si vous n'arrivez pas à voir de qui il s'agit, vous êtes par contre certain qu'il s'agit d'un noble de haute naissance.;;;Luchando en el campo de batalla, ves a un soldado enemigo distinguido de los demás. Si bien no se puede decir quien es, está claro que debe ser un noble de alta cuna.;;;;;;;;;x;;;;;;;;;;;;;;
EVTOPTA5556000;Charge!;Charger !;;;¡Carga!;;;;;;;;;x;;;;;;;;;;;;;;
EVTDESC5556001;You were seperated from your men in the chaos of battle, and now find yourself in the midst of war. As you scan the field and try to rejoin your forces, you see [From.GetBestName] break through the enemy ranks and charge you!;Dans le chaos des combats, vous avez été séparé de vos hommes et vous trouvez désormais en plein milieu de la bataille. Alors que vous tentez de rejoindre vos forces, vous apercevez [From.GetBestName] se frayer un chemin à travers les rangs ennemis avant de vous charger !;;;Te has separado de tus hombres en el caos de la batalla, y te encuentras ahora en plena lucha. Miras a tu alrededor e intentas reorganizar tus fuerzas, ves a [From.GetBestName] romper las filas enemigas y cargas contra el;;;;;;;;;x;;;;;;;;;;;;;;
EVTOPTA5556001;Prepare to die, [From.GetOnlyDynastyName] scum!;Prépare-toi à mourir, pourriture de [From.GetOnlyDynastyName] !;;;¡Preparate a morir, [From.GetOnlyDynastyName]!;;;;;;;;;x;;;;;;;;;;;;;;
EVTOPTB5556001;I need to get out of here!;Je dois foutre le camp d'ici !;;;¡Tengo que salir de aquí!;;;;;;;;;x;;;;;;;;;;;;;;
EVTOPTC5556001;Get back, [Root.PrimaryTitle.GetFOA]! I'll handle this!;[This.GetTitledFirstName], occupe-toi de [From.GetHerHim] !;;;¡Vuelve aqui, [Root.PrimaryTitle.GetFOA]! ¡Maldito cobarde!;;;;;;;;;x;;;;;;;;;;;;;;
EVTTOOLTIP5556002;reacts;réagit;;;reacciona;;;;;;;;;x;;;;;;;;;;;;;;
EVTDESC5556002;As you get closer, you realize the enemy soldier is [From.GetBestName].;En vous rapprochant, vous réalisez que le soldat ennemi n'est autre que [From.GetBestName].;;;Medida que se acerca, te das cuenta de que el soldado enemigo es [From.GetBestName].;;;;;;;;;x;;;;;;;;;;;;;;
EVTOPTA5556002;Prepare to die, [From.GetOnlyDynastyName] scum!;Prépare-toi à mourir, pourriture de [From.GetOnlyDynastyName] !;;;¡Preparate a morir, [From.GetOnlyDynastyName]!;;;;;;;;;x;;;;;;;;;;;;;;
EVTOPTB5556002;I need to get out of here!;Je dois foutre le camp d'ici !;;;¡Tengo que salir de aquí!;;;;;;;;;x;;;;;;;;;;;;;;
EVTOPTC5556002;Get back, [Root.PrimaryTitle.GetFOA]! I'll handle this!;Reculez, [Root.PrimaryTitle.GetFOA] ! Je m’en charge !;;;¡Vuelve aqui, [Root.PrimaryTitle.GetFOA]! ¡Maldito cobarde!;;;;;;;;;x;;;;;;;;;;;;;;
EVTDESC5556003;As you get closer, you realize the enemy soldier is [From.GetBestName]. Seeing you charge across the field toward [From.GetHerHim], [From.GetSheHe] turns and flees. You pursue, but lose track of [From.GetHerHim] in the chaos.;En vous rapprochant, vous réalisez que le soldat est ennemi n'est autre que [From.GetBestName]. Remarquant votre charge à travers le champs de bataille pour l'affronter, [From.GetSheHe] se retourne et fuit. Vous le(a) poursuivez, mais perdez sa trace dans le chaos des combats. ;;;Medida que se acerca, te das cuenta de que el soldado enemigo es [From.GetBestName]. Viendote a ti hacercandose con mucha furia , Se da la vuelta y huye. Le persigues, pero le pierdes en el caos de la batalla.;;;;;;;;;x;;;;;;;;;;;;;;
EVTOPTA5556003;That's right, coward, run back to [From.Capital.GetName]!;C'est ça, couard, retourne à [From.Capital.GetName] !;;;¡Eso es, cobarde,vuelve con el rabo entre las piernas a [From.Capital.GetName]!;;;;;;;;;x;;;;;;;;;;;;;;
EVTDESC5556004;You turn to face [From.GetTitle] [From.GetFirstName]... and [From.GetSheHe] breaks [From.GetHerHis] charge and flees. You pursue, but lose track of [From.GetHerHim] in the chaos.;Vous vous retournez pour faire face à [From.GetTitle] [From.GetFirstName] lorsqu'… [From.GetSheHe] stoppe sa charge et s'enfuit. Vous le(a) poursuivez, mais perdez sa trace dans le chaos des combats.;;;Giras la cabeza hacia [From.GetTitle] [From.GetFirstName]... y [From.GetSheHe] rompe [From.GetHerHis] carga y huye. Le persigues, pero le pierdes en el caos de la batalla.;;;;;;;;;x;;;;;;;;;;;;;;
EVTOPTA5556004;That's right, coward, run back to [From.Capital.GetName]!;C'est ça, couard, retourne à [From.Capital.GetName] !;;;¡Eso es, cobarde,vuelve con el rabo entre las piernas a [From.Capital.GetName]!;;;;;;;;;x;;;;;;;;;;;;;;
EVTTOOLTIP5556005;will fight [From.GetBestName];va affronter [From.GetBestName];;;luchara [From.GetBestName];;;;;;;;;x;;;;;;;;;;;;;;
EVTDESC5556006;As you get closer, you realize the enemy soldier is [FromFrom.GetTitle] [FromFrom.GetFirstName] [FromFrom.GetHerHim]self! Before you can close ranks, however, [From.GetBestName] leaps into your path, sword at the ready. 'Get back to our line, [FromFrom.PrimaryTitle.GetFOA]!' [From.GetSheHe] shouts, 'I'll handle this!';En vous rapprochant, vous réalisez que le soldat ennemi n'est autre que [FromFrom.GetTitle] [FromFrom.GetFirstName] en personne ! Mais alors que vous tentez de lui courir sus, [From.GetBestName] vient vous barrer le chemin. 'Retournez dans nos rangs,' dit-[From.GetSheHe], 'je vais m'en charger !';;;Medida que se acerca, te das cuenta de que el soldado enemigo es [FromFrom.GetTitle] [FromFrom.GetFirstName] [FromFrom.GetHerHim]yo! Antes de cerrar filas, sin embargo, [From.GetBestName] se acerca, con la espada en ristre. 'Vuelve a nuestra línea, [FromFrom.PrimaryTitle.GetFOA]!' [From.GetSheHe] gritó, '¡Yo me encargaré de esto!';;;;;;;;;x;;;;;;;;;;;;;;
EVTOPTA5556006;You think that white cloak will save you?;Tu penses qu'un manteau blanc va te sauver ?;;;¿Crees que ese capa blanca te salvará?;;;;;;;;;x;;;;;;;;;;;;;;
EVTOPTB5556006;Fighting a bodyguard wasn't part of the plan.;Affronter la Garde Royale ne faisait pas parti du plan.;;;Luchar contra la Guardia Real no era parte del plan.;;;;;;;;;x;;;;;;;;;;;;;;
EVTOPTC5556006;Fine, you shall die as well!;;;;Bien, vas a morir también!;;;;;;;;;x;;;;;;;;;;;;;;
EVTDESC5556007;The mere sight of [FromFrom.GetBestName] is enough to make [From.GetTitle] [From.GetFirstName] turn and run with [From.GetHerHis] tail between [From.GetHerHis] legs.;La simple vue de [FromFrom.GetBestName] suffit à faire se détourner [From.GetTitle] [From.GetFirstName], qui détale la queue entre les jambes. ;;;La mera visión de [FromFrom.GetBestName] es suficiente para hacer que [From.GetTitle] [From.GetFirstName] de la vuelta y corra con [From.GetHerHis] cola entre [From.GetHerHis] legs.;;;;;;;;;x;;;;;;;;;;;;;;
EVTOPTA5556007;That's right, coward, run back to [From.Capital.GetName]!;C'est ça, couard, retourne à [From.Capital.GetName] !;;;¡Eso es, cobarde,vuelve con el rabo entre las piernas a [From.Capital.GetName]!;;;;;;;;;x;;;;;;;;;;;;;;
EVTTOOLTIP5556008;will fight [From.GetBestName];va affronter [From.GetBestName];;;luchara [From.GetBestName];;;;;;;;;x;;;;;;;;;;;;;;
EVTDESC5556009;[FromFrom.GetTitle] [FromFrom.GetFirstName] suddenly halts [FromFrom.GetHerHis] charge, and you are left to wonder why for but a moment, when [From.GetBestName] sweeps in from behind [FromFrom.GetHerHim]. 'Get back to our line, [FromFrom.PrimaryTitle.GetFOA]!' [From.GetSheHe] shouts, 'I'll handle this!';[FromFrom.GetTitle] [FromFrom.GetFirstName] arrête soudainement sa charge et vous vous demandez pourquoi, jusqu'à ce que vous aperceviez [From.GetBestName] s'avancer rapidement dans sa direction. 'Rentrez dans nos rangs, [FromFrom.PrimaryTitle.GetFOA] !' dit-[From.GetSheHe], 'Je vais m'en occuper !';;;[FromFrom.GetTitle] [FromFrom.GetFirstName] de repente detiene [FromFrom.GetHerHis] carga, y te quedas preguntando porque, cuando [From.GetBestName] grita desde atras [FromFrom.GetHerHim]. 'Vuelve a nuestra linea, [FromFrom.PrimaryTitle.GetFOA]!' [From.GetSheHe] exclama, '¡Yo me encargaré de esto!';;;;;;;;;x;;;;;;;;;;;;;;
EVTOPTA5556009;You think that white cloak will save you?;Tu pense qu'un manteau blanc va te sauver ?;;;¿Crees que ese capa blanca te salvará?;;;;;;;;;x;;;;;;;;;;;;;;
EVTOPTB5556009;Fighting the Kingsguard wasn't part of the plan.;Affronter la Garde Royale ne faisait pas parti du plan.;;;Luchar contra la Guardia Real no era parte del plan.;;;;;;;;;x;;;;;;;;;;;;;;
EVTTOOLTIP5556100;[From.GetBestName]'s death demoralizes the enemy!;La mort de [From.GetBestName] démoralise les ennemis !;;;¡La muerte de [From.GetBestName] desmoralizará a nuestros enemigos!;;;;;;;;;x;;;;;;;;;;;;;;
EVTDESC5556100;As [FromFrom.GetBestName] falls before you, [FromFrom.GetHerHis] soldiers look on and begin to lose hope.;Alors que vous venez de défaire [FromFrom.GetBestName], ses soldats commencent à douter et à perdre espoir.;;;Como [FromFrom.GetBestName] cayó en la batalla, [FromFrom.GetHerHis] soldados empiezan a perder la ezperanza.;;;;;;;;;x;;;;;;;;;;;;;;
EVTOPTA5556100;Now's our chance!;C'est notre chance !;;;¡Ahora es nuestra oportunidad!;;;;;;;;;x;;;;;;;;;;;;;;
EVTTOOLTIP5556101;You take [From.GetBestName] prisoner.;Vous faites [From.GetBestName] prisonnier.;;;Haces a [From.GetBestName] prisionero.;;;;;;;;;x;;;;;;;;;;;;;;
EVTDESC5556101;[FromFrom.GetBestName] lies helpless at your feet, [FromFrom.GetHerHis] weapon discarded and yours at [FromFrom.GetHerHis] throat.;[FromFrom.GetBestName] est étendu impuissant à vos pieds, son arme brisée et la vôtre à sa gorge. ;;;[FromFrom.GetBestName] yace impotente a tus pies, [FromFrom.GetHerHis] arma yace en el suelo y la tuya en [FromFrom.GetHerHis] garganta.;;;;;;;;;x;;;;;;;;;;;;;;
EVTOPTA5556101;Come with me, and walk fast. It's a long way to [Root.Capital.GetName].;Venez avec moi, et marchez rapidement. Le chemin est long jusqu'à [Root.Capital.GetName].;;;Ven conmigo, iremos rápido. Es un largo camino hasta [Root.Capital.GetName].;;;;;;;;;x;;;;;;;;;;;;;;
EVTDESC5556102;You are defeated. [From.GetBestName] takes you prisoner.;Vous êtes défait. [From.GetBestName] vous garde prisonnier.;;;Caes derrotado. [From.GetBestName] te hace prisionero.;;;;;;;;;x;;;;;;;;;;;;;;
EVTOPTA5556102;I'll remember this, [From.GetOnlyDynastyName].;Je m'en souviendrai, [From.GetOnlyDynastyName].;;;Recordaré esto, [From.GetOnlyDynastyName].;;;;;;;;;x;;;;;;;;;;;;;;
EVTTOOLTIP5556103;has no escape now!;ne peut plus s'échapper désormais.;;;¡No escaparas ahora!;;;;;;;;;x;;;;;;;;;;;;;;
EVTDESC5556103;You look on in horror as [FromFrom.GetBestName] falls to [From.GetBestName], crumpling to the ground, [From.GetHerHis] cloak stained with blood. [From.GetTitle] [From.GetFirstName] slowly advances on you. 'It's over, [Root.PrimaryTitle.GetFOA],' [From.GetSheHe] says, 'this ends here.';Vous observez avec horreur [FromFrom.GetBestName] tomber face à [From.GetBestName]. Son corps gît à terre, son manteau blanc recouvert de sang. [From.GetTitle] [From.GetFirstName] se dirige calmement vers vous. 'C'est fini, [Root.PrimaryTitle.GetFOA],' dit-[From.GetSheHe], 'tout s'achève, ici et maintenant.';;;Observas con horror como [FromFrom.GetBestName] cae por[From.GetBestName],yace en el suelo, la capa blanca llena de sangre. [From.GetTitle] [From.GetFirstName] se acerca. 'ha terminado, [Root.PrimaryTitle.GetFOA],' [From.GetSheHe] dice, 'este es tu final.';;;;;;;;;x;;;;;;;;;;;;;;
EVTOPTA5556103;I've no time left to run!;Je ne peux plus fuir.;;;¡No tuve tiempo para volver!;;;;;;;;;xEVTTOOLTIP5556103;has no escape now!;;;;;;;;;;;;;x
EVTTOOLTIP5556104;charges!;Charger !;;;¡Carga!;;;;;;;;;x;;;;;;;;;;;;;;
EVTDESC5556104;You kick the bloodstained cloak free of your feet and advance slowly on [From.GetBestName]. You've split [From.GetHerHim] from [From.GetHerHis] army and killed [From.GetHerHis] sworn sword. There's no where left for [From.GetHerHim] to run.;Vous repoussez du pied le manteau blanc gisant devant vous, puis marchez lentement vers [From.GetBestName]. Son armée est occupée ou dispersée. Quant à ses chevaliers, vous les avez tués. Il n'a nulle part où fuir désormais.;;;Pateas la capa blanca llena de sangre con tus botas y te acercas a [From.GetBestName]. Tu ejercito esta dividido y tus caballeros muertos. No tienes lugar donde esconderte.;;;;;;;;;x;;;;;;;;;;;;;;
EVTOPTA5556104;It's over, [From.PrimaryTitle.GetFOA]. This ends here.;C'est fini, [From.PrimaryTitle.GetFOA]. Tout s'achève, ici et maintenant. ;;;Esto ha terminado, [From.PrimaryTitle.GetFOA]. Es el fin.;;;;;;;;;x;;;;;;;;;;;;;;
EVTDESC5556105;The battle is over in less than a minute. [FromFrom.GetBestName] sinks to the ground, and [From.GetTitledFirstName] wipes the blood from [From.GetHerHis] sword. 'It's done, [Root.PrimaryTitle.GetFOA],' [From.GetSheHe] says, '[FromFrom.GetSheHe]'ll trouble us no more.';Le combat n'a pas duré plus d'une minute. [FromFrom.GetBestName] s'effondre à terre, et [From.GetTitledFirstName] lave le sang de son épée. 'C'est fait, [Root.PrimaryTitle.GetFOA],' dit-[From.GetSheHe], '[FromFrom.GetSheHe] ne nous dérangera plus.';;;El combate ha terminado en menos de un minuto. [FromFrom.GetBestName] yace en el suelo, y [From.GetTitledFirstName] limpia de sangre [From.GetHerHis] espada. 'Esta hecho, [Root.PrimaryTitle.GetFOA],' [From.GetSheHe] dijo, '[FromFrom.GetSheHe]'Ya nos molestará más.';;;;;;;;;x;;;;;;;;;;;;;;
EVTOPTA5556105;Well done, [From.GetTitledFirstName].;Bien joué, [From.GetTitledFirstName].;;;Bien hecho, [From.GetTitledFirstName].;;;;;;;;;x;;;;;;;;;;;;;;
EVTDESC5556106;The battle is over in less than a minute. [From.GetTitledFirstName] knocks [FromFrom.GetBestName] to the ground and kicks away [FromFrom.GetHerHis] weapon, leaving [FromFrom.GetHerHim] defenseless. 'I yield! I yield!';Le combat n'a pas duré plus d'une minute. [From.GetTitledFirstName] envoie [FromFrom.GetBestName] à terre et éloigne son épée d'un coup de pied, le laissant sans défense. 'Je me rends ! Je me rends !';;;El combate ha terminado en menos de un minuto.  [From.GetTitledFirstName] tira a [FromFrom.GetBestName] al suelo y le apunta con [FromFrom.GetHerHis] arma, dejandole indefenso. '¡Me rindo! ¡Me rindo!';;;;;;;;;x;;;;;;;;;;;;;;
EVTOPTA5556106;Tie this one up, [From.GetOnlyDynastyName]. We're bring [FromFrom.GetHerHim] home with us.;Attachez celui-ci, [From.GetOnlyDynastyName]. Nous le ramenons avec nous à la maison. ;;;Apresadle, [From.GetOnlyDynastyName]. Nos lo treamos con nosotros a casa.;;;;;;;;;x;;;;;;;;;;;;;;
battlefield_fight;Challenged to a battlefield duel;Provoqué en duel sur le champs de bataille.;Challenged to a battlefield duel;;Retado a un duelo;;;;;;;;;x;;;;;;;;;;;;;;
EVTDESCDUEL10700;We have tidings from [From.Location.GetName] where [From.GetTitledFirstName] and [FromFrom.GetTitledFirstName] met as enemies in a duel. They fought eachother fiercely, but [From.GetTitledFirstName] prevailed in the end, forcing [FromFrom.GetTitledFirstName] to yield and handing [FromFrom.GetHerHim] over to you as a prisoner.;Nous avons des nouvelles en provenance de [From.Location.GetName] où [From.GetTitledFirstName] et [FromFrom.GetTitledFirstName] se sont affrontés lors d'un duel. Ils se sont battus férocement, mais au bout du compte c'est [From.GetTitledFirstName] qui a prévalu, forçant [FromFrom.GetTitledFirstName] à se rendre. [FromFrom.GetSheHe] est désormais votre prisonnier(e).;;;Tenemos noticia de [From.Location.GetName] donde [From.GetTitledFirstName] y [FromFrom.GetTitledFirstName] se enfrantaron como enemigos en un duelo. Lucharon encarnizadamente, pero [From.GetTitledFirstName] fue derrotado al final, forzando a [FromFrom.GetTitledFirstName] convertirlo en su prisionero.;;;;;;;;;x;;;;;;;;;;;;;;
